Sample Name,Origin,4°C,16°C,30°C,40°C,Ethanol (5% v/v),Ethanol 7% v/v,Ethanol 9% v/v,Ethanol 10% v/v,Ethanol 11% v/v,Ethanol 12% v/v,NaCl (250mM),NaCl (500mM),NaCl (1000mM),KCl (500mM),KCl (1000mM),KCl (1500mM),Maltose (10°C),Maltose (39°C),Ethanol (10°C),Ethanol (39°C),Fructose (10°C),Fructose (39°C),Sucrose (10°C),Sucrose (39°C),Glucose (10°C),Glucose (39°C),"Actidione (0,2 mg/L)","Actidione (0,4 mg/L)","Actidione (0,5 mg/L)",Lysine,Sucrose (20°C),Fructose (20°C),Ethanol (20°C),Maltose (20°C),Galactose (20°C),Glycerol (20°C),Melibiose (20°C),Sorbitol (20°C),Copper (0.075mM),Cadmium (0.3mM),Cadmium (0.4mM),Cadmium (0.5mM),Glucose (46%),Glucose (48%),Glucose (50%),Sorbitol (46%),Sorbitol (48%),Sorbitol (50%),Acetic acid (50mM),Acetic acid (75mM),Acetic acid (100mM),Levulinic acid (25mM),Levulinic acid (50mM),Levulinic acid (75mM),Formic acid (25mM),Formic acid (50mM),Formic acid (75mM),Ethanol production (%v/v),Sporulation efficiency,Spore viability,"Sulfite (1,5mM)","Sulfite (2,25mM)","Sulfite (3,0mM)",Maltose (liquid),Maltotriose (liquid),Acetaldehyde,Ethyl acetate,Ethyl propionate,Propyl acetate,Isobutyl acetate,Ethyl butyrate,Isobutanol,Isoamyl acetate,Butanol,Isoamyl alcohol,Ethyl hexanoate,Ethyl octanoate,Ethyl decanoate,Phenyl ethyl acetate,Phenyl ethanol,Flocculation,POF
BE001,Beer,-0.466,1.641,2.235,-1.022,1.824,1.709,-0.936,-0.669,-0.91,-0.792,-0.639,-0.62,-0.363,1.827,1.422,0.026,-0.874,-1.105,-0.628,-0.539,-0.015,-1.66,-0.37,-1.537,-1.084,-1.307,-0.645,-0.382,-0.341,0.191,0.745,1.465,1.685,1.55,0.743,-0.949,-0.761,-0.826,-0.045,0.167,0.048,-0.302,-0.824,-0.61,-0.443,-0.624,-0.558,-0.451,-0.309,-0.395,-0.875,0.234,0.246,-0.836,-1.943,-1.501,-0.632,-2.156,-1.223,-0.819,0.26,-0.348,-0.441,0.322,0.431,-0.335,0.685,2.252,-0.929,0.668,-1.293,0.883,0.378,-0.45,1.13,-0.566,-0.967,0.091,-1.085,-0.529,-0.584,-0.922
BE002,Beer,-0.466,0.524,0.047,-0.927,1.335,1.241,0.41,0.517,0.435,0.681,0.382,0.845,0.175,-0.569,-0.286,-0.326,-0.488,-0.582,-1.007,-0.539,0.778,-1.051,-1.35,-1.18,1.191,-1.158,-0.528,-0.382,-0.341,0.191,-0.883,0.903,0.287,1.36,-0.334,0.235,1.735,0.352,-0.593,0.729,-0.051,-0.6,0.135,-0.418,-0.443,0.849,-0.264,-0.451,-0.642,-0.439,-0.875,-0.148,-0.235,-0.635,-0.335,-0.82,-0.632,-1.792,0.738,-0.655,1.335,1.638,0.38,0.117,0.173,-0.61,1.413,0.176,1.286,0.01,-1.293,-0.458,0.741,-1.273,-0.124,1.025,0.264,1.998,0.963,-0.035,-0.584,-0.922
BE003,Beer,-0.466,0.485,0.19,-0.755,0.939,-0.135,-0.352,-0.437,-0.833,-0.792,0.455,-0.033,-0.363,-0.818,-0.457,-0.271,-0.139,-0.564,-0.032,-0.244,-0.922,-0.827,-0.963,-0.785,-0.479,-0.799,-0.345,2.087,-0.039,0.191,-0.691,-0.124,-0.041,-0.45,-3.005,-0.135,0.367,-0.163,-1.058,-0.677,-0.794,-0.66,-0.345,-0.162,-0.24,0.151,0.03,0.03,0.614,0.183,-0.875,-2.182,-1.551,-0.836,-0.211,-0.95,-0.632,-1.85,-1.223,-0.819,-0.24,-0.717,-0.441,-1.232,0.395,-0.49,-0.836,-1.286,-0.929,-0.277,-1.293,-0.235,0.36,-1.82,-0.063,-0.261,0.561,0.935,1.456,0.956,-0.584,1.078
BE004,Beer,-0.466,0.12,-0.031,1.485,1.203,1.898,2.211,1.646,0.541,0.253,1.788,1.836,0.247,-0.211,-0.056,0.014,-0.585,1.498,0.938,1.945,2.897,0.902,1.629,0.944,0.547,1.374,-0.512,-0.382,-0.341,0.191,1.16,0.908,0.609,1.19,0.597,0.574,0.094,0.399,1.624,0.006,-0.596,-0.72,-0.681,-0.546,-0.443,-0.314,-0.411,-0.451,1.611,2.187,2.699,1.112,1.128,1.355,1.089,1.375,0.977,0.216,0.582,-0.819,1.535,0.23,-0.441,0.073,-1.478,-0.401,-0.455,0.6,-0.929,-0.776,0.158,-0.25,-0.596,-1.394,0.22,-0.158,-0.449,0.942,-0.334,-0.089,-0.584,1.078
BE005,Beer,-0.466,0.063,1.054,1.317,0.158,0.651,0.401,-0.314,-0.482,-0.64,-0.107,-0.62,-0.363,0.953,0.933,0.581,1.864,1.479,0.827,0.321,0.443,0.743,0.475,0.944,-0.43,1.169,1.906,2.019,1.901,0.191,-0.211,0.681,0.412,1.49,0.068,0.115,-0.246,0.03,1.296,-1.44,-1.091,-0.78,0.567,-0.29,-0.341,0.616,-0.117,-0.451,0.552,0.498,0.561,0.796,0.86,1.688,0.433,0.458,-0.632,0.321,0.893,0.336,0.056,-0.687,-0.441,-0.613,-1.478,-0.177,-0.352,-0.93,-0.929,-0.493,-1.293,-0.322,-0.53,-1.101,-0.477,0.165,-0.898,1.497,-0.525,-0.616,-0.584,-0.922
BE006,Beer,-0.466,-0.025,-0.539,0.578,0.213,0.133,-0.001,-0.138,-0.099,-0.563,-0.571,-0.62,-0.363,0.231,0.123,0.515,1.263,1.009,0.599,1.481,0.011,0.479,0.251,0.776,-0.822,-0.271,2.648,2.655,2.136,0.191,0.015,0.167,-0.095,0.16,0.242,0.61,-0.096,0.386,1.679,-0.677,-0.745,-0.72,0.231,0.222,-0.138,0.616,0.323,0.03,0.515,1.205,0.875,0.462,0.13,0.755,0.485,0.503,-0.632,0.544,0.613,1.479,0.742,0.249,-0.441,0.05,0.948,-0.255,0.956,-0.542,1.012,1.062,-1.293,0.28,0.745,-0.984,0.282,0.997,0.815,4.831,0.311,-0.122,-0.584,1.078
BE007,Beer,-0.466,-0.722,-0.008,-1.022,-1.134,-1.561,-1.081,-0.943,-0.91,-0.792,-0.641,-0.62,-0.363,-0.719,-0.714,-1.146,-1.068,-1.105,-1.007,-0.539,-0.689,-1.66,-1.01,-1.537,-1.084,-1.307,-0.645,-0.382,-0.341,0.191,-0.996,-0.052,-0.293,-0.14,-0.116,-1.649,-1.517,-1.471,-1.058,-1.52,-0.398,-0.78,-0.824,-0.61,-0.443,-0.779,-0.558,-0.451,1.611,-1.069,-0.875,-0.857,-1.551,-0.836,1.089,0.834,2.143,-1.029,-1.223,-0.819,-1.109,-0.717,-0.441,0.758,1.017,-0.618,-1.076,0.36,-0.929,-1.234,-1.293,0.002,-1.281,-0.958,-0.814,-0.521,0.255,-0.029,-1.085,-0.46,-0.584,-0.922
BE008,Beer,-0.466,0.948,0.548,-0.984,0.287,0.156,-1.081,-0.943,-0.91,-0.792,-0.727,-0.62,-0.363,0.232,0.377,-0.519,-0.321,-0.743,0.231,-0.539,-0.837,-0.843,-0.699,-1.04,-0.779,-1.062,-0.645,-0.382,-0.341,0.191,-0.256,-0.533,-0.607,0.77,0.151,-1.209,-1.159,-1.111,0.256,-0.275,-0.992,-0.78,-0.728,-0.61,-0.443,-0.624,-0.558,-0.451,1.063,0.067,-0.875,-0.684,-1.551,-0.836,-1.094,0.225,-0.632,-1.052,0.177,-0.819,-1.294,-0.717,-0.441,0.859,0.632,-0.022,0.034,-0.338,-0.929,0.42,-1.293,0.271,0.302,-1.183,0.775,-0.833,-0.125,0.492,0.379,0.341,0.039,-0.922
BE009,Beer,-0.466,-0.465,0.373,-0.89,-0.371,0.436,-0.918,-0.943,-0.91,-0.792,-0.885,-0.62,-0.363,0.514,0.571,-1.51,0.421,-0.91,0.728,-0.539,-0.585,0.399,0.062,0.688,-0.684,0.997,-0.645,-0.382,-0.341,0.191,0.033,0.037,0.017,0.5,0.122,0.139,0.729,0.173,-0.921,-1.561,-0.844,-0.481,-0.824,-0.61,-0.443,-0.779,-0.558,-0.451,0.345,0.915,-0.875,0.312,0.535,0.824,0.983,-0.113,-0.632,-0.665,0.084,-0.819,0.518,-0.076,-0.441,0.859,1.017,-0.367,-1.703,-1.293,-0.929,-1.217,-1.293,-0.295,-1.199,-2.165,-1.025,-1.161,-1.581,-0.319,-1.085,-1.004,1.285,-0.922
BE010,Beer,-0.466,0.18,1.638,1.038,-0.011,0.851,-0.473,-0.943,-0.91,-0.792,-0.609,-0.62,-0.363,1.769,1.403,0.928,-0.033,-1.105,-0.791,-0.539,-0.485,0.324,-0.536,0.296,-1.084,1.654,-0.645,-0.382,-0.341,0.191,-0.589,-0.161,0.368,0.92,0.954,0.576,0.73,0.588,-1.058,-1.48,-0.794,-0.78,-0.681,-0.61,-0.443,-0.779,-0.558,-0.451,0.064,-1.19,-0.875,0.384,0.284,-0.836,-0.22,-0.81,-0.632,-1.369,0.053,-0.162,0.226,-0.717,-0.441,0.188,0.718,-0.271,-0.028,0.664,-0.929,0.89,-1.293,0.591,0.434,-0.99,0.587,-0.968,-1.367,-0.153,-0.354,-0.316,0.662,-0.922
BE011,Beer,0.874,0.6,-0.044,0.43,0.596,0.791,1.233,0.782,0.419,0.093,1.558,1.077,2.791,-0.134,0.202,0.05,-0.377,-0.19,1.759,-0.539,1.326,0.902,0.628,0.944,0.195,1.14,-0.553,-0.382,-0.341,0.191,0.068,0.495,1.211,0.73,-0.556,0.159,0.144,0.227,-1.058,-0.596,-1.042,-0.78,-0.728,-0.546,-0.443,-0.469,-0.558,-0.451,-0.685,0.062,0.333,-0.117,-0.102,-0.836,-0.221,-0.135,-0.632,0.685,0.302,0.599,0.997,-0.717,-0.441,-1.159,-1.478,-0.294,0.512,-0.201,0.643,0.125,-1.293,-0.069,1.02,-0.719,0.969,0.636,3.22,-0.29,0.434,0.516,-0.584,-0.922
BE012,Beer,-0.466,1.899,1.419,-1.022,1.344,1.714,-0.902,-0.943,-0.91,-0.792,-0.449,-0.62,-0.363,1.827,1.338,0.787,-0.365,-1.105,0.341,-0.539,-0.631,-1.081,-0.669,-1.384,0.693,-0.952,-0.645,-0.382,-0.341,0.191,-0.508,-1.212,-0.394,0.16,-1.439,-1.649,-1.517,-1.471,-1.058,-0.074,1.187,1.073,-0.728,-0.61,-0.24,-0.779,-0.558,-0.451,-0.688,-0.372,-0.824,-1.89,-1.381,-0.836,-0.744,-0.332,-0.352,-0.794,-0.663,-0.162,-1.198,-0.717,-0.441,0.483,0.809,0.165,0.069,0.845,-0.929,-0.239,-1.293,-0.043,-0.273,0.498,0.182,-0.935,-0.534,1.675,-0.069,0.23,-0.584,-0.922
BE013,Beer,2.236,1.156,0.259,-0.436,0.627,0.791,1.198,1.176,1.199,1.069,1.834,1.533,1.61,0.005,0.195,0.632,1.535,1.063,2.149,0.174,1.199,-0.138,1.428,0.245,0.846,-0.1,-0.645,-0.382,-0.341,0.191,0.15,0.133,0.354,1.12,0.37,0.199,0.145,0.304,-0.866,0.93,0.246,0.416,-0.009,-0.418,-0.443,0.229,-0.117,-0.211,0.529,1.768,0.8,0.694,0.382,0.241,1.089,0.466,0.076,0.896,-0.445,1.807,0.518,-0.717,-0.441,0.685,0.775,-0.175,0.034,0.034,-0.929,-0.61,-1.293,-0.016,-0.3,0.388,0.307,1.395,2.224,-0.258,-0.435,-0.523,0.039,1.078
BE014,Beer,-0.466,2.079,1.299,0.109,0.33,0.735,0.736,0.189,-0.123,-0.625,-0.269,-0.62,-0.363,1.398,1.432,1.421,1.09,1.219,1.04,1.512,0.371,0.711,0.253,0.795,0.866,1.327,2.023,1.48,2.34,0.191,-0.767,-0.3,-0.136,0.41,0.706,0.205,0.1,0.084,0.037,-0.476,-0.943,-0.78,-0.633,-0.61,-0.443,0.151,-0.558,-0.451,0.87,2.187,1.667,1.323,1.394,0.605,1.089,0.546,0.676,0.18,0.956,1.479,1.055,0.378,-0.441,0.404,0.434,-0.085,1.726,0.155,1.503,1.37,-1.293,0.627,1.89,1.255,2.002,1.925,2.442,7.987,0.794,0.416,-0.584,1.078
BE015,Beer,-0.466,0.875,1.084,-0.803,0.079,-0.262,-0.927,-0.883,-0.91,-0.792,-0.649,-0.62,-0.363,0.022,-0.162,-1.51,-1.068,-1.105,-1.007,-0.539,-0.881,-0.379,-1.39,-0.048,-0.589,0.458,-0.384,-0.382,-0.341,0.191,-0.716,-0.237,0.003,-0.24,-0.477,0.136,-0.467,-0.629,-1.058,-0.034,-0.15,-0.003,-0.824,-0.61,-0.443,-0.779,-0.558,-0.451,-1.609,-1.198,-0.875,-0.615,-1.227,-0.836,-0.063,-0.789,-0.632,-2.226,0.209,-0.819,-0.087,-0.622,-0.441,0.424,1.017,0.36,-1.012,0.289,-0.929,-1.775,-0.552,-0.556,-1.509,0.325,-1.491,-1.279,-1.592,-0.009,-1.085,-0.409,-0.584,-0.922
BE016,Beer,-0.466,0.351,0.341,-1.022,0.024,-0.211,-1.081,-0.943,-0.91,-0.792,-0.648,-0.62,-0.363,-0.439,-1.772,-1.51,-1.068,-1.105,-1.007,-0.539,-1.469,-1.66,-1.161,-1.537,0.653,-1.307,-0.645,-0.382,-0.341,0.191,-0.45,-0.34,-0.062,-0.28,0.954,0.645,-0.126,1.012,-1.058,1.131,1.633,1.372,-0.824,-0.61,-0.443,-0.779,-0.558,-0.451,-1.404,-0.635,-0.875,-1.186,-1.336,-0.836,0.016,-0.674,-0.632,-0.63,0.8,-0.819,-1.33,-0.717,-0.441,-0.127,0.398,0.731,-0.116,4.221,-0.929,-1.345,0.073,-0.63,-1.31,0.787,-0.934,-0.343,-1.22,-0.283,-1.085,-0.431,-0.584,-0.922
BE017,Beer,-0.466,0.409,-0.95,-1.022,-0.852,-1.973,-1.081,-0.943,-0.91,-0.792,-0.719,-0.62,-0.363,-0.973,-1.842,-1.51,-1.068,-1.105,-1.007,-0.539,-1.469,-1.66,-1.752,-1.537,-1.084,-1.307,-0.645,-0.382,-0.341,0.191,1.629,-1.365,-1.954,-0.65,-1.883,-1.322,-1.187,-1.471,-0.018,-0.476,-1.091,-0.78,-0.824,-0.61,-0.443,-0.779,-0.558,-0.451,-1.392,-0.216,-0.875,-0.294,-1.441,-0.697,-1.325,-1.089,-0.332,-0.747,-1.223,-0.819,-1.33,-0.717,-0.441,0.859,0.916,4.819,-0.344,-0.483,-0.929,-0.586,-0.64,-0.563,-0.854,0.346,-1.386,-0.716,-1.672,-0.15,-0.334,-0.326,0.039,-0.922
BE018,Beer,-0.466,0.595,1.031,-1.022,0.358,0.88,0.775,0.894,0.947,0.324,3.978,5.468,2.331,1.186,2.289,1.742,-1.068,-1.105,-1.007,-0.539,-1.199,-1.569,-1.752,-1.448,-0.018,-1.259,-0.645,-0.382,-0.341,-4.007,-1.861,0.266,-0.466,-1.42,-3.114,0.789,-0.605,1.097,0.529,-1.44,-1.091,-0.78,1.718,1.053,0.37,3.174,2.379,1.713,0.724,2.036,3.074,1.357,1.969,0.095,0.573,-0.077,0.577,-0.735,-1.223,-0.819,-1.33,-0.717,-0.441,-3.688,-1.478,-0.124,-1.448,-1.266,-0.929,-0.276,-0.316,0.906,-1.168,-0.291,-1.191,0.518,-0.66,-0.172,-0.375,0.505,2.531,1.078
BE019,Beer,-0.466,-1.062,0.671,-1.022,-0.188,-1.552,-1.081,-0.943,-0.91,-0.792,-0.885,-0.62,-0.363,1.503,0.89,-1.51,-1.068,-1.105,-1.007,-0.539,-0.209,-1.66,-1.742,-1.537,-1.084,-1.307,-0.645,-0.382,-0.341,0.191,-0.273,0.875,-0.864,2.45,0.62,-0.992,-0.395,-0.156,0.31,-1.561,-1.091,-0.78,-0.824,-0.61,-0.443,-0.779,-0.558,-0.451,-1.181,-0.705,-0.875,0.158,-0.726,-0.836,-0.921,-0.03,-0.632,-2.543,-0.943,-0.819,-1.33,-0.717,-0.441,-3.688,-1.478,9.027,-0.035,-1.005,-0.929,0.953,0.294,1.519,-1.179,1.184,-1.211,-0.276,-0.558,-0.147,-1.085,-1.145,0.039,-0.922
BE020,Beer,0.126,0.458,-0.053,0.771,1.105,0.998,0.774,0.733,0.298,0.225,1.22,1.352,2.721,0.095,0.601,0.564,-1.068,0.977,-0.119,-0.539,1.47,0.902,1.641,0.864,0.491,0.33,0.036,-0.382,-0.341,0.191,-0.175,0.781,0.567,4.05,0.06,0.27,0.232,0.241,-0.073,0.97,0.741,0.356,1.478,0.861,0.167,1.004,1.939,0.751,1.102,1.313,1.601,1.138,0.203,0.641,1.089,1.039,0.321,0.439,1.267,0.986,0.813,-0.268,-0.441,0.161,-1.478,1.252,-1.134,-0.904,-0.929,-1.139,-0.495,0.491,-1.244,1.709,0.696,-0.817,-0.551,0.634,-0.312,3.021,-0.584,1.078
BE021,Beer,-0.466,0.683,0.05,0.75,0.596,0.659,1.177,1.392,1.423,0.933,1.477,1.364,0.307,0.419,0.873,0.418,-1.068,-0.518,-0.08,-0.539,0.431,0.902,0.41,0.944,0.85,1.099,-0.191,-0.382,-0.341,0.191,-0.659,-0.598,-0.46,-0.27,0.186,0.347,0.738,0.524,0.201,1.051,0.642,0.416,0.95,0.286,0.065,1.236,1.351,0.511,1.582,1.487,1.656,1.01,0.89,1.111,1.089,1.375,2.805,1.131,-0.601,0.822,1.176,0.774,-0.441,0.517,1.017,0.529,-0.111,-0.888,-0.929,-0.126,0.87,-0.251,0.176,0.44,-0.328,2.703,2.733,-0.246,-0.091,-0.101,-0.584,1.078
BE022,Beer,2.816,1.32,1.495,-0.953,0.405,0.187,-0.941,-0.943,-0.91,-0.792,-0.628,-0.62,-0.363,1.827,1.592,0.687,-0.273,-0.209,0.184,-0.539,-0.932,0.065,-0.644,0.237,1.032,0.357,-0.645,-0.382,-0.341,0.191,-0.819,-0.571,0.536,0.66,0.719,0.368,-0.355,0.497,0.31,0.649,0.543,0.894,-0.824,-0.61,-0.443,-0.779,-0.558,-0.451,0.157,0.532,-0.875,0.035,0.397,-0.794,0.893,1.375,-0.632,0.357,0.022,-0.819,-1.33,-0.717,-0.441,-0.846,-0.333,-0.298,0.017,0.705,-0.929,-0.874,-0.124,-0.741,-0.844,-0.805,-1.424,-0.225,-0.33,-0.269,-0.44,-0.879,-0.584,1.078
BE023,Beer,-0.466,0.905,0.352,1.258,0.206,0.328,-0.225,-0.579,-0.449,-0.792,-0.749,-0.62,-0.363,0.345,0.718,0.581,1.502,1.498,-0.399,0.426,0.02,0.902,0.578,0.944,-0.155,1.375,1.118,0.077,0.074,0.191,-0.521,-0.485,-1.097,-0.14,0.646,-0.035,-0.739,-0.16,0.502,0.85,1.435,0.894,-0.345,-0.546,-0.036,-0.082,-0.264,-0.451,0.757,1.038,1.292,0.434,0.614,1.394,1.044,1.375,1.725,0.31,0.987,0.494,-0.031,0.208,-0.405,0.654,1.017,0.099,0.408,-0.907,0.326,0.066,-1.293,-0.328,-0.162,-0.132,-1.008,5.42,-0.364,-0.152,-0.176,-0.727,-0.584,1.078
BE024,Beer,-0.466,0.538,-0.104,0.755,1.568,1.81,1.505,1.197,1.559,0.815,0.284,0.241,0.049,-0.33,-0.003,0.754,1.19,0.624,1.61,-0.232,0.491,0.126,0.311,0.389,0.968,0.335,1.057,0.399,1.179,0.191,-0.415,-0.411,-0.23,-0.38,-1.357,-0.521,-0.63,-0.508,1.679,0.529,-0.051,-0.062,0.471,-0.226,-0.036,0.229,0.176,-0.451,0.137,0.609,0.711,0.388,0.237,0.359,0.46,0.747,0.349,0.615,0.956,1.643,1.799,2.262,2.257,0.859,-1.478,0.174,-1.231,-1.349,-0.929,-1.057,-0.098,-0.513,-0.567,-0.296,-0.46,-0.051,-1.013,-0.287,-0.641,-0.544,-0.584,-0.922
BE025,Beer,-0.466,0.499,-0.263,-0.065,1.264,1.126,0.962,0.934,0.623,0.223,0.11,-0.62,-0.363,0.061,0.307,0.786,0.005,0.854,-0.229,2.504,-0.657,0.504,-0.504,-0.291,-0.44,0.62,0.065,-0.382,-0.341,0.191,-1.569,-1.541,-0.832,-0.7,0.554,-0.203,-0.301,-0.115,0.858,0.006,-0.051,-0.122,-0.201,-0.61,-0.443,-0.624,-0.558,-0.451,0.253,0.489,-0.048,0.382,0.651,0.985,0.716,0.96,-0.632,0.732,1.267,0.33,0.228,0.212,-0.441,0.645,0.995,3.244,-0.338,-1.013,-0.929,0.032,-0.156,-0.383,-0.361,0.401,-0.752,0.893,-1.414,-0.299,-0.132,-0.024,-0.584,1.078
BE026,Beer,2.843,2.174,2.836,-1.022,-0.049,-0.433,-0.986,-0.943,-0.91,-0.792,-0.645,-0.62,-0.363,1.827,1.495,0.104,1.223,0.333,0.175,-0.539,-0.571,0.214,0.383,-0.045,0.755,1.063,-0.645,-0.382,-0.341,0.191,-0.384,-0.284,-0.668,0.29,0.954,0.54,0.33,0.168,-1.058,0.127,0.345,0.416,-0.824,-0.61,-0.443,-0.779,-0.558,-0.451,0.993,0.623,-0.875,0.118,0.619,-0.836,1.089,1.375,2.046,0.709,0.271,-0.491,-1.33,-0.717,-0.441,-0.212,0.86,0.812,-0.041,0.908,-0.929,-0.845,-0.023,-0.632,-0.87,0.386,-1.218,0.168,-0.463,-0.029,-0.331,-0.17,-0.584,1.078
BE027,Beer,1.378,0.502,0.263,0.85,0.55,0.576,0.912,0.476,0.38,-0.262,1.176,1.602,1.127,-0.236,0.143,0.131,0.15,1.498,1.322,1.138,0.88,0.902,0.368,0.944,1.233,1.431,-0.645,-0.382,-0.341,-4.007,-0.442,-0.325,-0.596,-0.88,0.666,0.788,0.505,0.709,-1.003,-0.114,-0.546,-0.66,-0.824,-0.61,-0.443,-0.779,-0.558,-0.451,1.489,1.759,1.526,1.357,2.119,1.658,1.089,1.375,0.812,0.873,0.022,-0.491,1.659,1.798,1.27,-0.477,-1.478,0.857,0.508,-0.875,-0.929,0.502,-1.293,0.368,0.2,0.654,0.389,-0.06,1.925,-0.127,-0.346,-0.585,-0.584,1.078
BE028,Beer,0.277,1.874,1.361,0.482,0.776,0.906,0.6,0.166,-0.22,-0.792,-0.275,-0.62,-0.363,1.678,1.142,1.298,1.259,1.498,1.215,2.198,0.405,0.902,0.459,0.944,1.394,1.331,4.274,4.488,4.177,0.191,-0.105,-0.296,-0.226,-0.13,0.266,-0.269,-0.634,-0.173,1.159,-0.516,-0.695,-0.78,-0.201,-0.482,-0.443,0.229,-0.264,-0.451,1.205,1.654,2.072,1.181,1.227,1.579,0.715,1.141,2.266,0.415,0.987,1.315,0.307,0.591,-0.441,-0.023,0.772,1.436,-0.291,-1.005,-0.929,-0.287,-1.293,0.198,-0.652,0.604,-0.25,1.273,0.316,-0.296,-0.393,-0.287,-0.584,1.078
BE029,Beer,-0.466,1.45,1.592,0.47,0.057,0.315,0.497,0.27,-0.414,-0.792,-0.423,-0.62,-0.363,0.941,0.977,0.943,1.88,1.498,1.123,1.625,0.699,0.902,0.594,0.944,0.496,1.204,3.622,3.418,2.334,0.191,0.322,0.047,-0.041,0.15,0.132,-0.324,-0.618,-0.202,1.679,-0.476,-0.646,-0.78,-0.345,-0.61,-0.443,0.073,-0.558,-0.451,0.852,1.408,1.871,1.04,1.77,1.778,0.451,0.8,1.85,0.896,1.018,-0.162,0.935,0.105,-0.441,0.143,0.521,0.054,-0.682,-1.319,-0.929,-0.564,0.158,-0.289,-0.627,-0.531,-0.758,0.842,-0.281,2.3,-0.586,-0.766,-0.584,1.078
BE030,Beer,-0.466,2.019,2.509,0.369,-1.035,-0.276,-0.806,-0.943,-0.91,-0.792,-0.607,-0.62,-0.363,1.827,1.367,0.86,0.907,1.089,0.386,-0.539,-0.428,0.902,-0.529,0.944,-0.416,1.777,-0.645,-0.382,-0.341,0.191,-0.03,-0.533,-0.251,0.19,0.558,0.021,0.029,0.068,0.228,1.091,2.227,2.448,-0.824,-0.61,-0.443,-0.779,-0.558,-0.451,-0.515,0.316,-0.875,0.34,0.428,-0.766,0.954,1.091,-0.632,0.321,-1.223,-0.819,-0.726,-0.717,-0.441,0.54,0.548,-0.351,1.463,2.054,0.666,0.311,-1.293,-0.002,0.406,0.372,0.426,-0.798,-0.488,-0.343,0.33,0.364,-0.584,-0.922
BE031,Beer,-0.466,1.895,3.035,-1.022,0.59,0.079,-0.874,-0.943,-0.91,-0.792,-0.436,-0.62,-0.363,1.827,2.862,-0.838,1.547,-1.105,-1.007,-0.539,1.12,-0.071,0.645,0.002,-0.102,-1.307,-0.645,-0.382,-0.341,0.191,0.451,1.454,2.665,0.47,0.954,0.804,1.885,-0.335,-1.058,0.689,1.336,1.551,-0.824,-0.61,-0.443,-0.779,-0.558,-0.451,0.684,0.606,-0.875,-0.417,-0.11,-0.778,1.089,1.136,-0.632,-0.195,-1.223,-0.819,-1.33,-0.717,-0.441,0.062,0.63,-0.598,0.111,0.217,0.378,-0.635,-1.293,-0.79,0.042,-1.954,-0.905,-0.947,-0.504,0.126,0.472,-0.157,-0.584,-0.922
BE032,Beer,-0.466,0.012,-0.261,-0.835,0.866,1.107,1.148,1.231,1.211,1.112,3.835,2.971,6.805,-0.362,0.063,0.869,-0.026,0.509,-0.325,0.523,1.052,0.227,0.534,0.134,1.665,0.773,-0.645,-0.382,-0.341,0.191,-0.83,-1.03,-0.976,-0.82,-0.515,0.56,0.44,0.388,-0.018,0.167,-0.943,-0.72,-0.297,-0.61,-0.443,-0.082,-0.558,-0.451,1.101,1.295,1.535,1.357,1.492,2.135,0.531,0.726,0.498,1.343,1.36,1.643,0.439,-0.476,-0.441,-2.645,1.017,-1.018,-2.554,-2.58,-0.929,-1.775,-1.293,-1.255,-1.652,-4.386,-2.707,-1.531,-2.132,-0.519,-1.085,-1.612,-1.207,1.078
BE033,Beer,-0.466,0.221,-0.105,1.127,1.633,1.711,1.14,1.137,0.994,0.727,-0.113,-0.019,0.147,0.009,0.374,0.829,1.092,0.376,1.473,0.12,0.361,0.227,0.616,0.426,0.635,1.168,0.806,0.012,0.207,0.191,-0.378,-0.186,-0.092,-0.26,0.442,0.651,0.166,0.307,1.569,0.287,-0.101,-0.421,0.183,-0.162,-0.341,0.151,0.176,0.03,0.283,0.776,1.077,0.313,0.534,1.163,0.676,0.844,0.069,1.542,1.205,1.807,1.712,2.096,2.437,0.859,-1.478,-1.018,-2.554,-2.58,-0.929,-1.775,-1.293,-1.255,-1.652,-4.386,-2.707,-1.531,-2.132,-0.519,-1.085,-1.612,-1.207,-0.922
BE034,Beer,-0.466,0.466,0.807,-1.022,1.479,2.199,2.171,3.712,0.39,-0.285,1.166,0.151,-0.363,1.827,2.15,-0.768,1.346,-0.584,0.564,-0.539,-0.133,-1.049,-1.381,-1.154,-0.281,-1.307,-0.645,-0.382,-0.341,0.191,-0.12,0.337,0.552,0.01,-1.17,0.145,-0.011,-0.595,0.31,0.93,-0.2,-0.6,-0.393,-0.354,-0.138,-0.159,-0.558,-0.451,0.582,1.126,1.112,1.357,2.119,3.61,0.523,0.805,1.595,0.855,0.707,1.368,0.311,0.696,-0.264,-0.852,0.552,-1.018,-2.554,-2.58,-0.929,-1.775,-1.293,-1.255,-1.652,-4.386,-2.707,-1.531,-2.132,-0.519,-1.085,-1.612,-1.207,1.078
BE035,Beer,-0.466,2.487,0.643,-1.022,0.834,-0.102,-1.081,-0.943,-0.91,-0.792,-0.208,-0.62,-0.363,1.645,-1.59,-1.51,-1.068,-1.105,-1.007,-0.539,-1.469,-1.66,-1.752,-1.537,-0.403,-1.307,-0.645,-0.382,-0.341,0.191,-2.444,-1.001,-1.954,-1.63,-3.114,-1.649,-1.517,-1.471,-1.058,0.006,1.583,1.193,-0.824,-0.61,-0.443,-0.779,-0.558,-0.451,0.324,-1.237,-0.875,-0.286,-0.25,-0.645,0.443,-1.15,-0.632,-2.202,-1.223,-0.819,-0.684,-0.588,-0.441,0.167,-0.782,-1.018,-2.554,-2.58,-0.929,-1.775,-1.293,-1.255,-1.652,-4.386,-2.707,-1.531,-2.132,-0.519,-1.085,-1.612,-1.207,-0.922
BE036,Beer,-0.466,1.291,2.031,-1.022,1.473,2.805,1.016,0.572,-0.631,-0.647,-0.626,-0.62,-0.363,1.31,0.954,-1.122,1.819,-1.105,-0.31,-0.539,0.079,-0.106,-0.082,-1.537,-0.316,-1.307,-0.645,-0.382,-0.341,0.191,0.849,0.031,0.337,0.59,0.454,-0.139,-0.611,0.1,-1.058,-0.918,-0.943,-0.6,-0.824,-0.61,-0.443,-0.779,-0.558,-0.451,0.038,-0.598,-0.875,0.578,0.977,-0.364,0.403,-0.444,-0.632,-1.228,-1.037,-0.819,0.33,0.061,-0.441,0.743,0.575,-1.018,-2.554,-2.58,-0.929,-1.775,-1.293,-1.255,-1.652,-4.386,-2.707,-1.531,-2.132,-0.519,-1.085,-1.612,-1.207,-0.922
BE037,Beer,-0.466,2.172,2.468,-1.022,0.517,-0.401,-0.814,-0.583,-0.91,-0.792,-0.487,-0.62,-0.363,0.962,0.765,-0.915,-1.068,-1.105,-1.007,-0.539,-1.469,-0.11,-0.059,-0.036,-0.677,-0.38,-0.645,-0.382,-0.341,0.191,2.282,-0.702,1.274,-0.42,0.383,-1.14,-1.517,-0.715,-1.058,-1.641,-1.091,-0.78,-0.824,-0.61,-0.443,-0.779,-0.558,-0.451,0.397,0.557,-0.875,0.916,0.788,-0.836,-0.197,-0.241,0.043,-0.594,-0.694,-0.655,0.342,0.592,-0.105,-0.958,-0.633,-1.018,-2.554,-2.58,-0.929,-1.775,-1.293,-1.255,-1.652,-4.386,-2.707,-1.531,-2.132,-0.519,-1.085,-1.612,-1.207,-0.922
BE038,Beer,-0.466,-0.126,-0.721,1.528,0.181,-0.087,-0.264,-0.23,0.287,0.409,-0.761,-0.62,-0.363,0.046,0.446,0.423,0.525,1.498,-0.464,-0.065,-0.359,0.902,-0.327,0.944,-0.377,0.654,1.273,0.017,-0.024,0.191,-0.606,-0.603,-0.515,-0.22,0.691,-0.342,-0.038,-0.355,0.31,0.207,0.395,0.834,-0.776,-0.61,-0.443,-0.779,-0.558,-0.451,0.608,1.342,1.494,-0.027,0.119,1.668,0.427,0.912,2.243,1.366,1.329,0.166,0.059,-0.37,-0.441,-0.066,0.834,1.068,-0.794,-0.882,-0.929,-0.93,0.063,-0.541,-0.966,0.123,-0.845,1.863,-0.798,0.067,-0.682,-0.735,-0.584,-0.922
BE039,Beer,-0.466,-0.358,-0.875,0.882,0.081,0.056,0.527,0.122,0.616,0.306,1.025,0.718,1.528,-0.474,-0.501,-0.657,-0.794,-0.091,-0.053,-0.459,0.229,0.841,-0.347,0.944,-0.343,0.699,-0.539,-0.382,-0.341,0.191,-0.875,-0.46,-0.707,-0.94,-0.728,0.045,0.016,0.025,-0.894,-0.837,-1.042,-0.78,-0.776,-0.61,-0.443,-0.702,-0.558,-0.451,0.345,0.495,0.841,0.804,1.009,0.442,-0.08,0.244,-0.632,0.896,0.427,0.002,0.59,0.769,0.352,-1.281,-1.478,0.527,-0.62,-1.174,-0.929,-0.394,-1.293,0.238,-0.359,0.286,0.485,-0.356,1.338,-0.149,-0.569,0.062,-0.584,-0.922
BE040,Beer,-0.466,0.43,-0.852,0.217,-0.522,-0.054,0.5,0.522,0.334,-0.359,1.314,0.892,0.928,-0.209,0.01,-0.343,-0.751,-0.539,-0.264,-0.539,0.554,0.902,-0.006,0.944,0.068,0.565,-0.645,-0.382,-0.341,0.191,-0.665,-0.227,-0.419,-0.95,-0.573,0.246,-0.024,0.133,0.037,-0.878,-1.091,-0.78,-0.728,-0.61,-0.443,-0.547,-0.558,-0.451,0.592,0.566,0.722,1.176,1.148,1.177,0.406,0.141,-0.632,0.533,0.146,0.33,0.712,0.715,0.255,0.113,-1.478,1.088,-0.619,-1.104,-0.929,-0.468,0.25,0.079,-0.33,0.521,0.549,0.082,-0.182,-0.211,-0.555,-0.281,-0.584,-0.922
BE041,Beer,2.276,5.059,1.68,-1.022,1.146,-1.747,-1.081,-0.943,-0.91,-0.792,-0.378,-0.62,-0.363,-0.074,-0.49,-0.678,-0.614,-1.105,-0.119,-0.539,-0.863,-1.66,-0.528,-1.537,5.194,-1.307,-0.645,-0.382,-0.341,0.191,-0.66,-0.467,-1.311,-0.61,-1.176,-0.537,-1.517,-1.471,0.995,-0.396,-0.695,-0.541,-0.824,-0.61,-0.443,-0.779,-0.558,-0.451,-1.674,-1.237,-0.875,-2.182,-1.551,-0.836,-2.206,-1.537,-0.632,-0.131,-1.223,-0.819,-0.594,-0.717,-0.441,0.859,0.323,0.022,-1.545,-0.786,-0.929,-1.414,-0.06,-0.498,-1.354,-0.8,-1.436,-1.25,-1.659,-0.317,-1.085,-0.849,-0.584,-0.922
BE042,Beer,-0.466,0.967,0.246,-1.022,-1.995,-1.918,-1.081,-0.943,-0.91,-0.792,-0.885,-0.62,-0.363,1.827,2.672,-0.842,-1.068,-1.105,-1.007,-0.539,-1.469,-1.66,-1.752,-1.537,-0.38,-1.307,-0.645,-0.382,-0.341,0.191,-0.163,0.169,-1.954,-1.12,-0.542,-1.12,-1.517,-0.951,-0.976,-1.52,-1.091,-0.78,-0.489,-0.162,-0.443,-0.469,-0.558,-0.451,-1.021,-1.237,-0.875,-0.291,-0.446,-0.785,0.439,0.18,-0.341,-0.588,-1.223,-0.819,-1.197,-0.58,-0.441,0.151,0.729,-0.359,-1.061,-1.254,-0.929,-0.591,0.044,-0.587,-0.557,-1.363,-1.203,-0.586,1.447,-0.287,-0.485,-0.638,-0.584,-0.922
BE043,Beer,-0.466,0.269,-0.556,-1.022,0.009,0.005,0.195,-0.358,0.11,-0.792,-0.652,-0.62,-0.363,1.618,1.284,0.537,0.122,-1.105,-0.329,-0.539,-0.623,0.902,-0.397,0.944,-0.599,0.789,-0.645,-0.382,-0.341,0.191,-0.966,-0.023,-0.398,-0.18,-0.241,-1.357,-1.517,-1.177,-0.456,0.127,-0.002,-0.122,-0.728,-0.61,-0.443,-0.779,-0.558,-0.451,0.907,0.591,-0.875,0.012,0.195,0.089,1.089,1.137,-0.632,-0.706,-1.223,-0.819,-1.33,-0.717,-0.441,0.449,0.89,-0.496,1.355,0.732,0.571,1.172,0.31,-0.378,0.723,-0.531,-0.756,0.52,2.59,-0.159,0.662,0.926,-0.584,1.078
BE044,Beer,-0.466,-1.793,-1.098,-1.022,-1.531,-1.21,-1.005,-0.841,-0.91,-0.792,-0.68,-0.62,-0.363,-0.79,-0.943,-0.464,-1.068,-1.105,-1.007,-0.539,1.052,-1.66,-1.752,-1.537,-1.084,-1.307,-0.645,-0.382,-0.341,0.191,2.422,4.751,-1.954,0.27,-0.065,-1.649,-1.517,-1.471,-0.319,-1.52,-1.091,-0.78,-0.824,-0.61,-0.443,-0.779,-0.558,-0.451,-0.153,-1.237,-0.875,-0.203,-0.936,-0.836,-0.339,-0.391,-0.632,-0.5,-1.223,-0.819,-1.227,-0.717,-0.441,0.162,0.746,-0.21,-0.182,2.048,0.616,-0.575,0.85,1.099,-0.472,-0.327,-0.12,-0.665,-0.311,-0.398,-0.256,2.06,0.662,-0.922
BE045,Beer,-0.466,-0.861,0.081,-1.022,-1.157,-1.27,-1.081,-0.943,-0.91,-0.792,-0.885,-0.62,-0.363,0.37,-0.093,-1.51,-1.068,-1.105,-1.007,-0.539,-1.469,0.475,0.345,0.944,-1.084,-0.488,-0.645,-0.382,-0.341,0.191,2.102,1.452,2.743,2.36,0.771,-1.649,-1.517,-1.471,0.092,1.051,0.395,-0.182,-0.441,-0.61,-0.443,-0.779,-0.558,-0.451,-2.342,-1.237,-0.875,0.392,-0.717,-0.836,0.423,1.169,-0.632,-0.066,0.364,-0.819,-0.097,-0.717,-0.441,-1.475,-0.425,0.105,-0.105,0.726,0.591,0.034,0.375,2.558,-0.737,0.024,-0.672,-0.832,-0.429,-0.419,-0.649,-0.743,2.531,-0.922
BE046,Beer,0.538,-0.827,-0.615,-1.022,-1.111,-0.608,-1.025,-0.868,-0.91,-0.792,-0.723,-0.62,-0.363,0.126,-0.882,-0.057,-1.068,-1.105,1.367,-0.539,-0.089,-0.132,-0.599,-0.384,-0.727,-0.723,-0.391,-0.382,-0.341,0.191,1.804,1.901,0.627,1.07,0.613,-0.745,-0.752,-0.91,1.679,-0.878,-0.893,-0.78,-0.728,-0.61,-0.443,-0.392,-0.558,-0.451,-0.171,-1.237,-0.875,-0.79,-0.55,-0.836,0.424,0.349,-0.632,-0.606,0.084,-0.819,-1.258,-0.65,-0.441,0.343,0.864,0.279,-1.038,1.11,0.233,-0.939,0.06,1.069,-1.103,-0.319,-0.556,-0.85,-0.437,-0.414,-0.811,-0.64,-0.584,-0.922
BE047,Beer,-0.466,-1.166,-0.373,1.26,-0.766,-0.76,-0.887,-0.848,-0.816,-0.62,-0.725,-0.62,-0.363,0.233,-0.085,-1.51,-1.068,0.847,1.8,-0.539,0.403,0.902,2.645,0.944,-0.961,0.743,-0.645,-0.382,-0.341,0.191,3.752,6.013,1.877,4.05,0.5,0.122,0.679,0.137,-1.003,-1.279,-0.794,-0.481,-0.728,-0.61,-0.443,-0.624,-0.558,-0.451,0.652,-0.777,-0.875,0.043,1.465,-0.483,0.254,0.542,-0.632,-0.712,-0.476,-0.819,0.401,0.027,-0.441,0.066,0.383,-0.191,0.2,0.331,0.435,0.364,0.77,3.478,-0.1,-0.04,0.532,-0.727,-0.424,-0.415,-0.516,-0.721,0.662,-0.922
BE048,Beer,-0.466,-1.189,-1.066,-0.902,-1.146,-1.092,-1.044,-0.894,-0.91,-0.792,-0.79,-0.62,-0.363,-0.63,-0.9,0.064,0.23,-0.452,-1.007,-0.539,-0.911,0.777,-1.126,0.944,-0.89,-0.203,-0.645,-0.382,-0.341,0.191,-0.185,-0.127,-0.58,0.07,-0.208,-0.443,-0.141,-0.368,-1.058,-1.4,-0.992,-0.78,-0.681,-0.61,-0.443,-0.779,-0.558,-0.451,-0.556,-1.237,-0.875,1.357,0.465,-0.803,-0.29,-0.736,-0.632,-0.723,-0.632,-0.819,-1.222,-0.717,-0.441,-0.192,0.305,-0.016,0.11,0.944,0.821,0.772,0.778,3.568,0.681,0.179,1.514,-0.777,-0.31,-0.404,-0.012,-0.043,1.285,-0.922
BE049,Beer,-0.466,-0.249,-0.242,-1.022,-1.623,-1.023,-0.949,-0.943,-0.91,-0.792,-0.752,-0.62,-0.363,0.01,-0.29,0.581,0.529,-1.105,-1.007,-0.539,-0.474,0.902,-0.547,0.944,-0.762,0.326,-0.645,-0.382,-0.341,0.191,0.474,0.787,-0.176,1.03,0.779,-0.5,-0.094,-0.389,0.31,-1.601,-1.091,-0.78,-0.728,-0.61,-0.443,-0.779,-0.558,-0.451,-1.209,-1.237,-0.875,-2.182,-0.326,-0.836,-1.093,-0.692,-0.632,-1.017,-1.192,-0.819,0.266,0.156,-0.441,0.129,0.855,0.288,-1.421,-0.743,1.226,-0.743,-0.159,-1.255,-0.937,0.377,-0.63,-0.825,-0.216,-0.405,-1.085,-1.075,0.662,-0.922
BE050,Beer,-0.466,-0.587,-0.373,-1.022,-1.715,-1.615,-1.081,-0.943,-0.91,-0.792,-0.885,-0.62,-0.363,-0.393,-0.467,-1.51,0.337,-1.105,-1.007,-0.539,-0.069,0.798,-0.337,0.944,-0.801,-0.159,-0.645,-0.382,-0.341,0.191,1.361,1.375,2.825,1.67,0.903,-1.649,-1.517,-1.471,-0.1,1.653,1.435,1.013,-0.537,-0.226,-0.443,-0.779,-0.558,-0.451,-0.299,-1.237,-0.875,0.051,-0.602,-0.836,-0.189,-1.284,-0.632,0.157,0.458,-0.819,-1.056,-0.717,-0.441,-0.232,0.402,0.055,-0.191,-0.132,0.351,0.079,0.238,2.103,-0.641,-0.04,-0.78,-0.859,-0.453,-0.42,-0.583,-0.923,3.154,-0.922
BE051,Beer,-0.466,-0.375,0.078,-1.022,-1.579,-1.839,-1.081,-0.943,-0.91,-0.792,-0.885,-0.62,-0.363,-1.337,-0.838,-1.51,-1.068,-1.105,-1.007,-0.539,-1.469,-1.66,-1.752,-1.537,-0.813,-1.307,-0.645,-0.382,-0.341,0.191,0.354,0.418,0.73,0.27,-0.769,-1.649,-1.517,-1.471,0.529,-1.239,-1.091,-0.78,-0.824,-0.61,-0.443,-0.779,-0.558,-0.451,-2.208,-1.237,-0.875,-2.182,-1.351,-0.836,-2.206,-1.537,-0.632,-1.674,-1.223,-0.819,-1.33,-0.717,-0.441,0.82,1.017,-1.018,-2.554,-2.58,-0.929,-1.775,-1.293,-1.255,-1.652,-4.386,-2.707,-1.531,-2.132,-0.519,-1.085,-1.612,0.039,-0.922
BE052,Beer,-0.466,-1.216,-1.423,-1.022,-0.911,-0.447,-0.093,-0.262,-0.301,0.297,0.654,0.608,-0.363,-1.008,-1.248,-1.229,0.035,-1.105,0.475,-0.539,3.504,-1.66,3.007,-1.537,-0.136,-1.25,0.897,-0.382,-0.341,0.191,0.832,1.008,-0.147,-0.27,0.292,-0.452,0.122,-0.205,1.296,0.649,0.642,0.954,-0.105,-0.482,-0.443,-0.779,-0.558,-0.451,0.172,-1.096,-0.819,1.067,-1.229,-0.836,-0.52,-0.633,-0.356,-2.015,-0.943,-0.819,-1.244,-0.717,-0.441,0.19,0.823,0.386,-0.841,1.546,0.343,-0.876,0.191,0.256,-0.752,-0.017,-0.471,-0.861,-0.322,-0.369,-0.244,0.819,-0.584,-0.922
BE053,Beer,-0.466,-0.765,-0.211,-1.022,-1.16,-0.672,-1.002,-0.943,-0.91,-0.792,-0.885,-0.62,-0.363,-0.2,-1.609,-1.51,0.316,-1.105,2.012,-0.539,-0.089,-0.488,0.631,-1.537,-0.907,-0.854,-0.645,-0.382,-0.341,0.191,2.672,2.035,1.564,1.29,-1.087,-0.012,-0.269,-0.551,-0.237,-1.279,-1.091,-0.78,-0.824,-0.61,-0.443,-0.779,-0.558,-0.451,1.275,-1.133,-0.875,-0.364,-1.015,-0.836,0.508,-1.448,-0.632,-0.559,-1.13,-0.819,-1.33,-0.717,-0.441,0.285,-0.082,-0.198,0.252,2.463,0.724,-0.382,0.773,-0.018,0.681,0.086,1.479,-0.52,-0.321,-0.408,-0.415,-0.402,0.039,-0.922
BE054,Beer,-0.466,-0.729,-0.188,-0.422,-0.75,-0.926,-0.713,-0.887,-0.814,-0.792,-0.764,-0.62,-0.363,0.087,-0.266,0.063,0.425,-0.308,-1.007,-0.539,-0.725,0.902,-0.351,0.944,-0.99,0.188,-0.645,-0.382,-0.341,0.191,0.751,0.767,-0.44,0.94,0.474,-0.696,-0.374,-0.668,0.31,-1.641,-0.943,-0.78,-0.824,-0.61,-0.443,-0.779,-0.558,-0.451,-0.664,-0.556,-0.875,0.771,1.48,-0.798,-0.066,-0.67,-0.632,-0.36,-1.192,-0.819,0.342,-0.004,-0.382,0.106,0.636,0.215,0.894,0.8,0.805,1.11,0.022,0.926,1.573,0.18,1.54,-0.631,-0.301,-0.41,-0.165,-0.658,2.531,-0.922
BE055,Beer,-0.466,-0.559,-0.311,0.263,-0.833,-0.857,-0.684,-0.668,-0.21,-0.7,-0.885,-0.62,-0.363,0.155,-0.885,-0.079,4.807,0.538,0.115,-0.539,0.02,0.902,-0.5,0.944,-0.774,0.315,-0.645,-0.382,-0.341,0.191,0.594,0.767,1.306,2.34,-0.275,-0.942,-0.713,-0.794,1.679,-1.279,-0.893,-0.541,-0.489,-0.61,-0.443,0.306,-0.264,-0.451,-1.428,-1.165,-0.875,-2.182,-1.551,-0.836,-2.057,-1.537,-0.632,-0.383,-1.223,-0.819,-0.588,-0.653,-0.441,-0.626,0.258,-0.211,0.334,0.217,0.376,0.046,0.65,-1.255,0.259,-0.083,0.292,-0.85,-0.301,-0.408,-0.272,-0.576,1.285,-0.922
BE056,Beer,-0.466,-1.246,-0.578,-1.022,-1.394,-0.87,-0.99,-0.82,-0.91,-0.792,-0.885,-0.62,-0.363,0.108,-0.308,0.019,-1.068,-1.105,-1.007,-0.539,0.332,0.698,-0.385,0.944,-1.084,-0.097,-0.463,-0.382,-0.341,0.191,-0.084,1.966,1.107,0.72,0.954,-0.028,0.259,-0.537,-1.058,-1.44,-0.695,-0.78,-0.633,-0.61,-0.443,-0.779,-0.558,-0.451,1.236,-1.237,-0.875,-0.099,-1.124,-0.836,-0.388,-1.22,-0.632,-0.77,-1.223,-0.819,-1.33,-0.717,-0.441,-3.688,-1.478,-0.643,1.082,0.313,0.591,0.888,1.099,-1.255,0.836,0.081,1.118,-0.431,-0.101,-0.383,-0.175,-0.568,2.531,-0.922
BE057,Beer,-0.466,-0.319,2.037,-1.022,-1.28,-0.976,-1.081,-0.943,-0.91,-0.792,-0.885,-0.62,-0.363,0.735,1.25,-0.739,-1.068,-1.105,-1.007,-0.539,-1.469,-1.66,-1.033,-1.537,-1.084,-1.307,-0.645,-0.382,-0.341,0.191,1.64,0.418,2.743,0.27,0.562,-0.277,0.476,-1.471,-1.058,-0.114,-0.646,-0.78,-0.824,-0.61,-0.443,-0.779,-0.558,-0.451,-2.454,-1.237,-0.875,-1.829,-1.473,-0.836,-2.206,-1.537,-0.632,-1.545,-1.223,-0.819,0.567,-0.6,-0.441,0.286,0.623,0.262,-1.075,-1.217,-0.024,-0.615,0.046,-0.085,-0.665,-0.272,-0.766,-0.551,-0.429,-0.407,-0.686,-0.937,0.662,-0.922
BE058,Beer,-0.466,-0.174,0.196,1.528,-1.611,-1.686,-1.081,-0.943,-0.91,-0.792,-0.885,-0.62,-0.363,0.644,0.168,-0.942,0.347,1.498,-1.007,-0.539,-0.058,0.902,-0.368,0.944,-0.834,1.378,-0.645,-0.382,-0.341,0.191,1.553,1.824,0.746,1.3,0.453,-0.056,0.504,-0.626,-0.976,-1.641,-1.091,-0.78,-0.249,-0.61,-0.443,-0.237,-0.558,-0.451,-1.164,-1.146,-0.875,-2.182,-1.551,-0.836,-2.206,-1.537,-0.632,-0.723,-0.383,-0.819,0.46,-0.635,-0.441,-0.82,0.178,0.605,-1.073,0.037,0.435,-0.798,0.208,-0.205,-0.969,-0.211,-0.96,-0.755,-0.409,-0.468,-0.975,-1.029,-0.584,-0.922
BE059,Beer,-0.466,-1.331,-1.269,0.745,0.203,0.315,0.413,0.32,0.577,0.807,0.44,0.969,-0.363,-0.648,-0.263,0.915,-0.628,1.357,-0.06,-0.16,-0.504,0.902,-1.137,0.944,-0.29,0.012,-0.645,-0.382,-0.341,0.191,-0.015,0.161,-0.925,-0.78,0.63,0.564,-1.517,-0.121,-1.003,0.649,0.84,0.894,-0.824,-0.61,-0.443,-0.624,-0.558,-0.451,1.149,-0.211,0.046,0.249,1.514,0.938,-0.044,0.563,-0.632,1.659,-0.694,0.678,1.072,1.565,1.587,0.735,1.017,0.393,-0.374,-0.455,0.135,-0.05,0.371,1.799,-0.018,-0.127,-0.223,0.118,-0.199,-0.353,-0.142,0.039,2.531,-0.922
BE060,Beer,-0.466,-0.594,0.72,-1.022,-0.776,-1.109,-1.081,-0.943,-0.91,-0.792,-0.885,-0.62,-0.363,0.667,-0.045,-1.153,0.081,-1.105,-1.007,-0.539,-1.469,-1.66,-1.752,-1.537,-1.084,-1.241,-0.645,-0.382,-0.341,0.191,-1.432,-1.149,0.366,1.07,-2.222,-0.814,-0.245,-0.831,0.393,0.729,1.187,-0.361,-0.824,-0.61,-0.443,-0.779,-0.558,-0.451,0.996,-1.237,-0.875,-0.421,1.786,-0.836,-2.206,-1.318,-0.632,-0.723,-1.161,-0.819,-0.388,-0.717,-0.441,-0.088,0.632,0.589,0.516,-0.606,0.35,0.442,0.876,0.664,-0.166,0.002,-0.56,-0.352,-0.215,-0.401,-0.495,-0.904,-0.584,-0.922
BE061,Beer,-0.466,-0.849,-0.664,1.487,-0.697,-0.574,-0.534,-0.463,-0.449,-0.107,-0.52,-0.62,-0.363,-0.527,-0.473,0.568,0.616,1.498,-0.695,-0.429,0.1,0.902,0.192,0.944,-0.786,1.024,2.078,0.096,0.092,0.191,-0.332,-0.224,-0.413,0.05,0.567,-0.666,-0.259,-0.471,-1.058,0.77,0.246,0.595,0.135,-0.098,-0.138,-0.547,-0.558,-0.451,0.595,0.182,0.594,-0.077,-0.354,-0.836,-0.113,-1.048,-0.632,0.803,0.831,0.336,-0.972,-0.717,-0.441,0.859,0.995,-0.329,1.334,1.009,0.974,0.077,1.659,0.201,0.527,0.13,0.434,1.781,0.145,-0.071,-0.111,-0.452,-0.584,-0.922
BE062,Beer,-0.466,-0.793,-0.93,0.166,0.095,0.211,0.938,0.472,1.22,1.208,1.176,1.445,-0.363,-0.927,-0.68,0.55,-1.068,1.189,-0.325,0.059,1.02,0.902,0.701,0.944,-0.727,0,-0.645,-0.382,-0.341,0.191,0.357,0.238,-0.504,-0.6,0.784,0.118,0.13,0.308,0.42,0.167,-0.051,0.356,0.183,0.03,-0.24,1.004,1.058,0.03,0.154,-0.374,0.91,0.866,1.641,0.339,-0.948,-0.683,-0.632,1.143,0.769,1.15,0.414,-0.116,-0.441,0.019,0.556,-0.016,-0.493,-0.592,0.053,-0.32,0.474,-1.255,0.048,0.029,-0.17,0.492,0.102,-0.223,0.255,-0.017,3.154,1.078
BE063,Beer,-0.466,-0.85,-0.831,0.964,-0.811,-0.414,-0.043,-0.111,0.218,0.678,1.072,1.19,0.244,-1.512,-1.428,-0.432,-0.662,0.489,0.108,-0.539,1.629,0.103,1.036,0.37,-0.524,-0.447,-0.645,-0.382,-0.341,0.191,0.318,0.726,-0.388,-0.79,0.353,0.055,0.016,-0.093,-0.757,-0.556,-0.844,-0.78,0.183,-0.226,-0.24,0.771,0.176,0.03,0.127,-1.195,-0.875,0.452,-0.133,-0.781,-0.945,-1.537,-0.632,0.263,0.489,-0.819,1.464,1.875,2.312,-0.912,0.262,0.238,-0.855,-0.723,1.038,-0.687,0.267,-1.255,-0.535,-0.154,-0.566,1.05,-0.262,-0.37,-0.322,-0.409,2.531,1.078
BE064,Beer,-0.466,-0.326,0.442,-1.022,-1.068,0.325,-0.587,-0.152,0.079,-0.619,-0.625,-0.62,-0.363,0.536,0.716,1.267,1.364,-1.105,-1.007,-0.539,0.955,0.902,1.553,-0.742,-1.084,-0.309,-0.645,-0.382,-0.341,0.191,3.594,1.98,2.639,3.44,0.729,-1.649,-1.517,-1.471,-0.237,-1.52,-0.794,-0.78,-0.824,-0.61,-0.443,-0.779,-0.558,-0.451,1.611,-1.078,-0.875,-0.092,-0.646,-0.836,-2.206,-1.537,-0.632,-0.723,-1.223,-0.819,0.466,-0.6,-0.441,0.494,0.801,-0.363,0.499,0.92,1.058,-0.003,1.132,1.906,0.495,0.022,0.961,-0.843,-0.35,-0.396,-0.186,-0.276,1.908,1.078
BE065,Beer,-0.466,-0.775,-0.063,-1.022,-1.322,-1.17,-0.988,-0.818,-0.91,-0.792,-0.885,-0.62,-0.363,-0.31,-1.39,-1.51,-1.068,-1.105,-1.007,-0.539,-1.469,-1.66,-0.319,-1.537,-0.512,-1.307,-0.645,-0.382,-0.341,0.191,1.13,0.595,1.255,-0.21,-1.378,0.056,-0.227,-0.843,-1.058,-1.761,-1.091,-0.78,-0.824,-0.61,-0.443,-0.779,-0.558,-0.451,-0.913,-0.751,-0.875,-1.386,-1.492,-0.836,-0.819,-1.537,-0.632,-0.958,-1.223,-0.819,-1.33,-0.717,-0.441,0.689,0.991,-0.388,0.598,0.904,0.653,0.297,0.809,2.247,0.459,0.127,0.634,-0.384,0.002,-0.381,0.373,0.968,-0.584,-0.922
BE066,Beer,-0.466,-0.5,-0.727,-0.356,-0.701,-1.314,-1.081,-0.943,-0.91,-0.792,-0.885,-0.62,-0.363,-0.533,-0.361,-0.303,-0.597,-0.249,-1.007,-0.539,-1.469,0.902,-0.435,0.944,-0.669,-0.081,-0.645,-0.382,-0.341,0.191,2.16,-0.041,0.997,0.61,0.037,-1.034,-1.517,-1.471,-1.058,-1.36,-0.943,-0.72,-0.681,-0.61,-0.443,-0.779,-0.558,-0.451,-0.471,-1.144,-0.875,-0.093,-0.561,-0.836,-1.048,-1.537,-0.632,0.227,-1.223,-0.819,0.464,0.174,-0.441,0.667,0.678,-0.23,0.336,-0.515,0.646,1.114,1.01,2.8,0.464,0.152,0.49,-0.911,-0.354,-0.409,0.059,-0.146,0.039,-0.922
BE067,Beer,-0.466,-0.359,-0.41,-1.022,-1.151,-0.974,-0.995,-0.827,-0.91,-0.792,-0.681,-0.62,-0.363,-1.082,-0.657,-0.725,-1.068,-1.105,-1.007,-0.539,0.031,-1.66,-0.503,-1.537,-0.385,-1.307,-0.645,-0.382,-0.341,0.191,0.932,1.649,0.585,-0.05,0.744,-0.335,1.228,0.186,-1.058,-1.52,-1.091,-0.78,-0.824,-0.61,-0.443,-0.779,-0.558,-0.451,0.788,-1.237,-0.875,-1.809,0.481,-0.836,-0.405,0.126,-0.632,-0.63,-1.223,-0.819,-1.211,-0.717,-0.441,-0.106,0.957,-0.739,-0.884,0.728,0.261,-0.687,0.292,-0.378,-0.605,-0.389,-0.842,-0.577,-0.221,-0.407,-0.613,-0.743,1.285,-0.922
BE068,Beer,-0.466,-0.294,-0.406,-1.022,-1.263,-1.156,-0.985,-0.814,-0.91,-0.792,-0.637,-0.62,-0.363,-0.728,-0.521,-0.355,-1.068,-1.105,-0.967,-0.539,0.056,-1.66,-0.525,-1.537,-0.87,-1.307,-0.645,-0.382,-0.341,0.191,1.095,0.448,0.794,-0.48,0.153,-1.649,-0.87,-1.471,-1.058,-1.761,-1.091,-0.78,-0.824,-0.61,-0.443,-0.779,-0.558,-0.451,-0.109,-1.168,-0.793,-0.784,-1.395,-0.745,-0.751,-1.537,-0.632,-0.277,-1.223,-0.819,-1.33,-0.717,-0.441,0.266,0.66,-0.083,-1.682,-0.822,1.837,-1.05,-0.089,0.092,-1.219,-0.402,-1.519,-0.759,-0.373,-0.402,-1.085,-0.611,1.908,-0.922
BE069,Beer,-0.466,0.405,0.128,-1.022,-1.005,-0.667,-0.701,-0.85,-0.91,-0.792,-0.759,-0.62,-0.363,0.583,0.687,-0.511,-0.079,-1.105,-1.007,-0.539,-0.707,0.902,-0.226,0.944,-0.674,0.783,-0.645,-0.382,-0.341,0.191,1.395,-0.997,-0.129,0.94,0.924,-0.765,-0.605,-1.05,-1.058,-1.52,-1.091,-0.78,-0.824,-0.61,-0.443,-0.779,-0.558,-0.451,0.034,-0.816,-0.875,1.357,1.397,-0.836,0.098,-1.537,-0.632,-0.735,-0.788,-0.819,0.251,0.187,-0.441,-0.117,0.651,-0.368,0.414,0.454,0.701,0.779,0.975,3.133,0.576,0.052,1.377,-0.857,-0.339,-0.41,0.031,0.732,1.908,-0.922
BE070,Beer,-0.466,-1.246,-0.447,-0.628,-1.182,-0.473,-0.976,-0.802,-0.91,-0.792,-0.885,-0.62,-0.363,0.038,-0.634,-1.51,1.365,-1.105,0.77,-0.539,0.315,0.873,0.294,0.328,-1.084,-0.179,-0.645,-0.382,-0.341,0.191,2.869,1.916,2.02,1.37,-0.056,-0.142,-0.61,-0.637,-1.058,-1.44,-1.091,-0.78,-0.633,-0.61,-0.443,-0.779,-0.558,-0.451,-1.049,-1.237,-0.875,-1.239,-1.454,-0.836,-2.206,-1.537,-0.632,-0.254,-1.192,-0.819,-0.601,-0.595,-0.441,-0.093,0.547,0.124,-1.204,-0.543,0.59,-0.831,-0.146,-1.255,-0.865,-0.096,-0.733,-0.727,-0.359,-0.403,-0.761,-0.549,1.285,-0.922
BE071,Beer,-0.466,0.217,-0.726,-1.022,-1.595,-1.567,-1.081,-0.943,-0.91,-0.792,-0.788,-0.62,-0.363,-0.713,-0.905,-1.089,-1.068,-1.105,-1.007,-0.539,0.02,-1.66,-0.42,-1.537,-0.579,-1.307,-0.645,-0.382,-0.341,0.191,1.241,0.447,1.029,0.19,0.316,-0.998,-1.517,-1.471,-1.058,-1.761,-1.091,-0.78,-0.824,-0.61,-0.443,-0.779,-0.558,-0.451,1.396,-0.736,-0.875,-0.934,-1.469,-0.836,-1.03,-0.801,-0.632,0.04,-1.223,-0.819,-1.33,-0.717,-0.441,0.859,1.017,-0.398,-1.723,-0.621,2.126,-1.023,0.092,-1.255,-1.211,-0.11,-1.219,-0.661,-0.179,-0.386,-1.085,-0.861,0.662,-0.922
BE072,Beer,-0.466,0.478,-1.193,-1.022,-0.018,-1.457,-1.081,-0.943,-0.91,-0.792,-0.691,-0.62,-0.363,-0.853,-0.511,0.066,-0.366,-1.105,-1.007,-0.539,-0.769,-1.66,-1.752,-1.537,-1.084,-1.257,-0.645,-0.382,-0.341,-4.007,-0.252,-0.841,-1.208,-0.38,-0.441,-1.649,-0.991,-1.471,-1.058,-1.761,-1.091,-0.78,-0.824,-0.61,-0.443,-0.779,-0.558,-0.451,1.139,-1.237,-0.875,0.858,1.011,-0.836,-2.206,-1.537,-0.632,-1.275,-1.223,-0.819,-1.233,-0.717,-0.441,-0.014,0.504,-0.113,-1.523,-0.912,3.743,-0.592,0.241,-1.255,-0.885,-0.084,-0.259,-0.963,-0.421,-0.416,-0.453,-0.214,0.039,-0.922
BE073,Beer,-0.466,0.326,0.249,-1.022,-0.58,-0.359,-0.997,-0.943,-0.91,-0.792,-0.659,-0.62,-0.363,0.142,0.466,1.256,-0.065,-1.105,1.824,-0.539,-0.469,-1.66,-0.378,-1.537,0.013,-1.215,-0.645,-0.382,-0.341,-4.007,0.69,-1.321,0.176,-0.27,-1.407,-1.649,-1.517,-1.471,-1.058,0.488,1.237,1.85,-0.537,-0.61,-0.443,-0.779,-0.558,-0.451,-0.728,-0.988,-0.875,-0.737,-1.07,-0.836,-0.897,-1.537,-0.018,-1.674,0.613,-0.819,-1.255,-0.717,-0.441,0.661,0.969,-0.275,-0.55,-0.06,-0.028,-0.716,0.191,-1.255,-0.839,-0.288,-0.596,-0.873,-0.348,-0.388,-0.659,-0.446,-0.584,-0.922
BE074,Beer,-0.466,-0.417,-0.002,-1.022,-0.212,-1.194,-1.081,-0.943,-0.91,-0.792,-0.885,-0.62,-0.363,-0.117,-0.129,1.1,1.461,-1.105,-1.007,-0.539,-1.469,-1.66,-0.554,-1.537,-1.084,-1.307,-0.645,-0.382,-0.341,-4.007,-0.09,0.615,2.743,2.31,-0.184,-0.791,-1.162,-1.471,-1.058,-1.601,-1.091,-0.78,-0.824,-0.61,-0.443,-0.779,-0.558,-0.451,-0.545,-1.237,-0.875,-2.182,-1.551,-0.836,-2.206,-1.537,-0.632,-2.32,-1.223,-0.819,-1.33,-0.717,-0.441,0.449,0.928,-0.056,-0.415,-0.978,0.202,0.347,0.005,0.125,-0.303,-0.372,-0.987,-0.984,-0.467,-0.407,0.034,-0.709,0.039,1.078
BE075,Beer,-0.44,-1.833,-0.168,1.528,-0.145,-0.552,-0.117,-0.824,-0.036,0.018,-0.691,-0.62,-0.363,-0.598,-0.137,-1.51,-0.194,1.498,-1.007,-0.539,-0.598,0.902,-0.595,0.944,-0.689,0.716,-0.645,-0.382,-0.341,0.191,-0.047,-0.025,1.028,0.29,0.092,1.971,1.756,2.824,0.83,0.689,0.642,-0.421,0.519,1.693,2.708,-0.004,0.764,1.232,-0.06,-1.237,-0.875,-1.65,-0.942,-0.836,-0.444,-1.537,-0.632,-0.911,-1.223,-0.819,-1.33,-0.717,-0.441,-0.058,0.5,0.152,0.879,0.596,0.299,-0.411,0.184,-1.255,-0.474,-0.251,-1.368,-0.38,-0.19,-0.385,-0.547,-1.099,0.039,1.078
BE076,Beer,-0.466,-0.528,0.065,-1.022,-1.575,-1.012,-0.965,-0.838,-0.776,-0.792,-0.885,-0.62,-0.363,0.27,-0.432,-1.51,-0.139,-1.105,-1.007,-0.539,-0.542,-1.66,-0.629,-1.537,-0.004,-1.307,-0.645,-0.382,-0.341,0.191,0.49,0.128,0.71,-0.05,-0.459,-0.249,0.154,-0.499,-0.182,0.89,1.633,1.97,-0.824,-0.61,-0.443,-0.779,-0.558,-0.451,-0.832,-0.667,-0.875,-1.623,-1.018,-0.656,-0.734,-0.917,-0.632,-0.5,0.177,-0.819,-1.33,-0.717,-0.441,-0.084,0.468,-0.691,1.172,2.083,0.921,-0.267,0.457,-1.255,0.514,-0.361,-0.293,-0.299,0.061,-0.288,0.098,-0.638,-0.584,-0.922
BE077,Beer,-0.466,-0.076,0.893,-1.022,-1.631,-0.842,-1.081,-0.943,-0.91,-0.792,-0.626,-0.62,-0.363,0.799,1.588,1.451,1.295,0.196,0.631,-0.539,0.298,0.902,-0.957,0.944,-0.581,0.751,-0.645,-0.382,-0.341,0.191,0.982,-0.376,1.306,3.18,0.069,0.094,0.745,-0.019,-1.058,0.689,1.633,2.209,-0.824,-0.61,-0.443,-0.779,-0.558,-0.451,-0.976,-1.237,-0.875,-0.606,-0.165,-0.771,1.089,-1.537,-0.632,0.145,-1.223,-0.819,-1.245,-0.717,-0.441,0.336,0.785,0.002,0.837,2.135,0.363,-0.51,0.752,-1.255,-0.315,-0.063,-0.336,-0.707,-0.147,-0.388,-0.278,-0.266,-0.584,1.078
BE078,Beer,0.264,0.168,-0.153,-1.022,-0.954,-1.205,-1.081,-0.943,-0.91,-0.792,-0.885,-0.62,-0.363,0.243,0.131,-0.492,-0.264,-1.105,-1.007,-0.539,-0.808,0.531,-0.194,-1.245,0.448,0.069,-0.645,-0.382,-0.341,0.191,-0.35,-0.576,-0.931,-0.09,0.63,-0.198,0.752,-0.378,-1.058,1.493,0.791,-0.361,-0.824,-0.61,-0.443,-0.779,-0.558,-0.451,0.478,-1.067,-0.875,-0.869,-1.431,-0.836,1.089,-0.836,-0.632,-0.982,-1.223,-0.819,-1.33,-0.717,-0.441,-0.069,0.598,-0.215,0.987,0.228,0.456,-0.277,0.176,-0.484,-0.024,-0.21,-0.84,-0.686,-0.134,-0.394,-0.085,-0.366,0.039,1.078
BE079,Beer,-0.466,0.531,0.123,1.528,-0.139,-0.516,-0.081,-0.679,-0.318,-0.232,-0.748,-0.62,-0.363,0.203,-0.068,0.805,0.135,0.847,-1.007,-0.539,-0.415,0.902,-0.148,0.944,0.397,1.583,-0.645,-0.382,-0.341,0.191,0.857,-0.247,0.529,0.28,0.762,-0.781,0.963,-0.092,-1.058,-1.52,-1.091,-0.78,-0.537,-0.61,-0.443,-0.779,-0.558,-0.451,-0.14,-1.237,-0.875,-2.182,-0.293,-0.836,-2.206,-1.537,-0.632,-1.005,0.053,-0.819,0.536,-0.076,-0.441,0.18,0.79,0.632,1.426,3.047,0.936,0.626,1.791,-1.255,0.373,0.983,2.126,-0.348,-0.02,-0.373,-0.502,-0.71,0.039,-0.922
BE080,Beer,0.819,-0.233,-0.888,-0.312,-0.74,-0.57,-0.436,-0.273,-0.72,-0.621,2.638,2.49,0.286,-0.753,-0.608,-0.183,-0.706,-0.678,-0.262,-0.539,-0.809,-0.454,-0.178,-0.166,1.088,-0.295,-0.645,-0.382,-0.341,0.191,-0.454,-0.507,-0.743,-0.7,0.245,0.7,0.755,0.885,-1.058,0.81,0.692,0.954,-0.824,-0.61,-0.443,-0.779,-0.558,-0.451,1.381,0.281,1.761,0.812,0.756,2.491,0.209,0.962,0.623,0.826,-1.223,-0.819,0.586,-0.655,-0.441,-0.039,0.63,-0.623,0.597,-0.241,0.282,-0.164,1.07,-1.255,0.366,0.094,-0.086,0.963,1.392,1.32,0.242,-0.411,-0.584,1.078
BE081,Beer,-0.466,-0.374,-0.304,-1.022,-0.534,-0.71,-0.608,-0.824,-0.759,-0.558,-0.6,-0.62,-0.363,0.584,0.895,1.162,-0.19,1.178,-1.007,-0.539,-0.594,0.902,-0.715,0.944,-0.552,1.215,-0.645,-0.382,-0.341,0.191,0.075,0.264,0.109,-0.27,0.164,-1.097,-1.517,-1.471,-1.058,1.051,1.93,2.388,-0.824,-0.61,-0.443,-0.779,-0.558,-0.451,0.347,-0.993,-0.875,0.452,-0.612,-0.253,0.715,-0.402,-0.632,-0.794,0.489,-0.819,-1.33,-0.717,-0.441,0.503,1.001,-0.533,0.946,1.577,0.736,0.192,0.694,0.214,0.067,-0.053,-0.26,0.08,0.352,-0.266,-0.275,-0.803,-0.584,1.078
BE082,Beer,-0.466,0.16,0.182,-1.022,-0.745,-1.118,-0.979,-0.943,-0.737,-0.699,-0.609,-0.62,-0.363,-0.529,-0.501,-0.403,-1.068,-1.105,-1.007,-0.539,-1.469,-1.66,-0.633,-1.537,-1.084,-1.307,-0.645,-0.382,-0.341,0.191,0.757,0.811,0.553,-0.19,0.642,-1.069,-1.19,-0.901,-1.058,-1.641,-1.091,-0.78,-0.824,-0.61,-0.443,-0.779,-0.558,-0.451,0.275,-1.237,-0.875,-1.344,-1.473,-0.836,-1.182,-1.537,-0.632,-0.324,-1.223,-0.819,-1.33,-0.717,-0.441,0.849,0.959,-0.487,-1.03,0.613,2.16,-0.8,0.269,-0.149,-0.951,-0.353,-0.643,-0.675,-0.132,-0.374,-0.741,0.378,1.908,-0.922
BE083,Beer,1.818,1.551,-0.03,-0.931,0.15,0.187,0.635,0.02,1.967,1.586,0.23,-0.245,-0.363,-0.68,0.779,3.822,1.338,0.182,1.314,-0.539,-0.636,-1.172,-0.493,-1.264,1.894,-1.194,-0.645,-0.382,-0.341,0.191,1.295,0.19,2.182,-0.01,0.954,0.568,0.929,1.086,-1.058,0.609,-0.844,-0.78,2.053,0.606,-0.138,2.864,1.058,0.751,-0.356,-0.049,0.357,0.055,0.863,1.593,-0.471,-0.156,-0.525,1.237,0.209,0.993,1.103,-0.586,-0.441,0.629,1.017,-0.444,0.533,0.173,0.353,0.499,0.98,-1.255,0.568,-0.075,1.055,0.535,-0.019,-0.342,0.805,0.6,-0.584,1.078
BE084,Beer,1.147,-1.284,-0.563,-1.022,-0.21,-0.296,-0.018,-0.359,1.227,0.993,-0.015,-0.258,-0.363,-0.67,0.477,1.886,1.015,-0.724,0.891,-0.539,-0.636,-1.202,-0.831,-1.264,-0.282,-1.21,-0.645,-0.382,-0.341,0.191,0.728,-0.005,0.758,-0.03,0.954,0.68,1.246,1.304,-0.921,0.207,-1.091,-0.78,0.519,-0.162,-0.138,2.787,0.47,0.27,0.032,-0.006,0.003,0.361,0.679,1.097,-0.776,-1.537,-0.039,1.343,0.333,1.308,0.647,-0.717,-0.441,0.142,0.89,-0.533,1.374,0.726,1.205,1.104,1.697,1.003,1.577,0.201,1.336,0.98,0.441,-0.191,0.928,0.399,-0.584,1.078
BE085,Beer,-0.006,-0.565,-0.247,0.45,-0.48,-0.375,0.273,0.058,0.528,0.276,0.456,1.153,0.592,-0.078,-0.037,-0.447,1.009,1.498,2.184,1.6,1.396,0.902,1.171,0.944,0.33,1.879,-0.523,-0.382,-0.341,0.191,-0.018,0.244,-0.029,-0.71,0.954,1.479,1.356,1.134,-1.058,0.408,-0.943,-0.78,-0.824,-0.61,-0.443,-0.469,-0.558,-0.451,-0.879,-0.499,-0.547,-1.331,-0.422,-0.443,-0.968,-1.086,-0.632,-0.054,-0.476,0.336,-0.277,-0.717,-0.441,-1.125,-1.478,-0.568,1.541,-0.201,1.375,1.308,2.166,0.562,2.145,0.326,1.535,1.101,1.044,0.082,1.35,0.277,-0.584,1.078
BE086,Beer,-0.466,-0.133,-0.183,1.528,-1.505,-1.111,-0.188,0.217,0.362,0.824,3.106,4.564,5.869,0.609,0.393,-1.147,-1.068,1.058,-1.007,-0.539,-0.344,0.902,-0.356,0.944,-0.145,1.879,-0.232,-0.382,-0.341,0.191,-0.317,0.594,-1.954,-1.63,-3.114,-1.649,-1.517,-1.471,-0.538,2.055,2.673,3.165,-0.824,-0.61,-0.443,-0.779,-0.558,-0.451,1.083,0.74,1.408,0.196,-1.485,-0.836,0.038,1.25,0.087,0.345,-1.223,-0.819,-1.208,-0.717,-0.441,0.408,-1.478,-0.286,-0.564,-0.651,0.07,-0.756,0.536,0.718,-0.718,0.088,-0.226,-0.069,-0.102,-0.355,-0.25,0.738,1.285,1.078
BE087,Beer,-0.466,0.483,0.324,-1.022,-0.057,0.517,-0.973,-0.798,-0.91,-0.792,-0.532,-0.208,-0.363,0.76,1.449,-0.6,-0.206,-1.105,-1.007,-0.539,-0.61,-0.659,-0.749,-1.537,0.041,-0.259,-0.645,-0.382,-0.341,0.191,-0.985,-0.975,-1.954,-0.02,-3.114,-1.649,-1.517,-1.471,-1.058,0.448,1.98,1.551,-0.728,-0.482,-0.443,-0.779,-0.558,-0.451,-2.811,-1.237,-0.875,-2.182,-1.551,-0.836,-2.054,-1.537,-0.531,-1.146,-1.223,-0.819,-1.246,-0.717,-0.441,0.375,1.017,-0.251,-0.92,-0.342,0.462,-0.722,-0.164,-1.255,-0.808,-0.218,-0.655,-0.853,-0.259,-0.37,-0.659,-0.484,-0.584,1.078
BE088,Beer,1.252,-0.388,-0.862,-1.022,0.067,0.077,0.624,0.57,1.454,1.936,0.793,-0.164,-0.363,-0.229,-0.522,-0.857,-0.145,-1.105,4.818,-0.539,4.106,-1.66,3.286,-1.537,4.134,-1.307,0.21,-0.382,-0.341,0.191,1.153,1.415,0.45,0.02,0.817,-0.578,0.964,-0.562,-1.058,1.212,1.286,1.073,-0.201,-0.29,-0.443,-0.779,-0.558,-0.451,-2.811,-1.237,-0.875,-2.182,-1.551,-0.836,-2.206,-1.537,-0.632,-1.287,-1.223,-0.819,-1.33,-0.717,-0.441,-0.565,0.426,0.146,-0.872,2.036,0.444,-0.845,0.4,-0.335,-0.717,0.089,-0.106,-0.828,-0.12,-0.345,0.045,1.794,0.662,-0.922
BE089,Beer,-0.466,-1.058,-1.254,-1.022,-0.626,-0.489,-0.175,-0.108,0.392,0.473,0.528,0.987,-0.363,-0.285,-0.448,0.19,-0.536,-1.105,2.271,-0.539,2.843,-1.66,2.254,-1.537,0.421,-1.307,-0.645,-0.382,-0.341,0.191,0.301,0.345,0.854,-0.38,0.954,-0.265,1.191,0.159,-1.003,0.93,1.286,-0.122,0.662,-0.162,-0.24,-0.779,-0.558,-0.451,-1.629,-1.237,-0.875,-2.182,-1.551,-0.836,-2.206,-1.537,-0.632,-1.087,-1.223,-0.819,-1.221,-0.717,-0.441,-0.057,0.357,-0.166,-0.198,2.316,0.692,-0.587,0.463,1.001,-0.187,0.149,0.258,-0.788,-0.129,-0.225,0.88,2.184,0.039,-0.922
BE090,Beer,-0.466,0.321,0.041,-1.022,-0.346,-0.914,-0.976,-0.802,-0.722,-0.696,-0.77,-0.62,-0.363,0.331,0.108,0.327,0.188,-1.105,-1.007,-0.539,-0.217,-0.832,-0.718,-1.537,-0.447,0.468,-0.645,-0.382,-0.341,0.191,0.698,-0.218,0.361,0.14,0.18,-1.649,-1.291,-1.294,0.31,2.256,0.692,0.894,-0.489,-0.61,-0.443,-0.779,-0.558,-0.451,0.27,-1.176,-0.875,-0.388,-0.037,-0.836,1.057,-0.172,-0.632,-0.254,-0.476,-0.609,-0.469,-0.717,-0.441,0.859,-1.478,0.179,-0.453,-0.601,0.09,-0.04,0.397,-1.255,-0.676,0.002,-1.015,-0.889,-0.383,-0.346,-0.556,-0.426,1.908,-0.922
BE091,Beer,0.482,-0.258,-0.664,1.528,-0.324,0.154,0.402,0.586,1.037,1.44,1.485,1.919,-0.363,-0.697,-0.586,0.577,-1.068,0.804,-1.007,-0.232,0.123,0.902,-1.038,0.944,2.279,1.017,-0.645,-0.382,-0.341,0.191,-0.947,-0.694,-1.275,-1.43,0.123,-0.536,-0.706,-0.232,-0.839,0.649,0.296,0.655,-0.824,-0.61,-0.443,-0.624,-0.558,-0.451,0.573,0.355,0.667,1.357,1.4,0.662,0.436,-0.633,-0.632,0.497,-0.788,0.31,-0.255,-0.717,-0.441,0.859,1.017,-0.387,-0.007,0.446,0.52,-0.198,0.765,0.089,0.392,0.002,0.312,0.517,0.733,0.102,1.116,0.848,2.531,1.078
BE092,Beer,-0.098,-0.859,-0.786,1.528,-0.369,-0.284,0.078,0.643,1.004,1.531,0.216,0.521,0.313,-0.625,-0.377,0.965,1.283,1.498,-0.259,-0.286,1.757,0.902,1.307,0.944,0.264,0.437,-0.535,-0.382,-0.341,0.191,-0.169,0.555,-0.651,-0.23,-0.036,0.624,0.877,0.25,1.624,-0.034,0.345,0.416,0.567,0.414,-0.443,-0.159,-0.558,-0.451,0.473,1.109,1.406,0.178,0.254,1.403,0.309,-0.488,0.49,0.767,1.111,1.807,0.658,0.288,-0.441,0.526,1.017,-0.699,1.177,0.697,0.677,0.405,1.005,-1.069,0.532,-0.031,0.152,0.395,0.284,-0.267,0.198,-0.378,-0.584,1.078
BE093,Beer,-0.466,-0.463,-0.749,-1.022,-0.897,-0.841,-0.94,-0.874,-0.822,-0.792,-0.885,-0.62,-0.363,-2.288,-2.571,-1.294,-1.068,-1.105,-0.308,-0.539,-0.407,-1.66,-1.016,-1.537,-0.855,-1.27,-0.645,-0.382,-0.341,-4.007,0.229,0.148,-0.304,0.08,0.621,-1.106,-1.01,-1.471,0.611,-1.761,-1.091,-0.78,-0.824,-0.61,-0.443,-0.779,-0.558,-0.451,-1.467,-1.237,-0.875,-2.182,-1.551,-0.836,-2.206,-1.537,-0.496,-1.017,-1.223,-0.819,-1.33,-0.717,-0.441,0.613,0.827,-0.546,1.657,-0.228,0.729,2.992,0.648,1.34,1.848,-0.137,0.432,-0.616,-0.234,-0.394,1.195,1.615,-0.584,1.078
BE094,Beer,-0.466,-0.612,-0.606,-0.802,-0.581,-0.958,-0.974,-0.872,-0.377,-0.611,-0.885,-0.62,-0.363,-0.404,-0.743,-0.483,0.242,-1.105,0.18,-0.539,-0.71,-0.798,-0.315,-1.011,-0.388,-0.545,-0.645,-0.382,-0.341,0.191,0.17,-0.216,0.293,0.03,0.73,-0.571,0.144,-0.123,0.119,0.85,0.543,0.655,-0.728,-0.482,-0.443,-0.779,-0.558,-0.451,-2.444,-1.237,-0.875,-1.032,-1.032,-0.836,-1.453,-1.344,-0.632,-0.935,0.177,-0.819,0.019,-0.717,-0.441,0.859,1.017,-0.163,1.268,-0.395,0.776,1.624,0.904,-1.076,0.494,0.143,-0.359,-0.756,-0.305,-0.413,-0.282,-0.933,1.285,-0.922
BE098,Beer,-0.466,0.365,0.842,-1.022,0.165,-0.492,-1.009,-0.847,-0.788,-0.66,-0.885,-0.62,-0.363,0.514,0.571,-1.51,-1.068,-1.105,-1.007,-0.539,-1.06,-1.66,-1.1,-1.537,-0.905,-1.307,-0.645,-0.382,-0.341,0.191,-1.503,-0.626,-0.494,-0.12,0.275,-1.649,-0.463,-1.471,-0.839,-1.761,-1.091,-0.78,-0.824,-0.61,-0.443,-0.779,-0.558,-0.451,-2.644,-1.169,-0.875,0.313,-0.795,-0.836,-0.679,0.769,-0.299,-0.512,-1.223,-0.819,-1.22,-0.717,-0.441,-0.837,0.086,-0.307,0.023,1.011,0.269,0.034,0.917,-1.072,-0.162,-0.122,0.276,-0.646,0.03,-0.383,-0.325,0.142,0.662,-0.922
BE099,Beer,-0.466,2.615,2.71,-0.612,0.236,-0.04,-0.745,-0.943,-0.91,-0.792,-0.885,-0.62,-0.363,-3.64,-2.829,-1.51,-0.376,-0.522,0.344,-0.539,-0.779,0.83,-1.096,0.944,0.368,1.879,-0.645,-0.382,-0.341,0.191,0.056,-0.714,0.318,0.19,0.694,-1.649,0.044,-1.471,-1.058,0.247,-0.646,-0.242,-0.824,-0.61,-0.443,-0.779,-0.558,-0.451,-2.584,-1.164,-0.875,0.676,0.582,-0.836,-0.249,-0.168,-0.632,-0.16,0.644,-0.819,-1.167,-0.717,-0.441,0.021,0.607,-0.055,-0.403,0.34,0.336,-0.016,0.599,-1.053,-0.724,0.264,-0.498,-0.78,-0.316,-0.401,-0.634,-0.662,2.531,-0.922
BE100,Beer,-0.466,1.958,2.78,-1.022,1.824,2.198,1.289,0.736,-0.642,-0.504,-0.885,-0.62,-0.363,-3.64,-2.829,-1.51,1.93,-0.77,0.075,-0.539,-0.943,0.902,0.948,0.944,0.362,1.879,-0.645,-0.382,-0.341,0.191,-0.022,-0.724,-0.391,0.09,0.694,-1.649,0.044,-1.471,-1.058,-1.641,-0.794,-0.6,-0.824,-0.61,-0.443,-0.779,-0.558,-0.451,-2.811,-1.237,-0.875,-2.182,-1.551,-0.836,-2.206,-1.537,-0.632,-1.111,-1.223,-0.819,0.431,-0.624,-0.441,0.456,0.308,-0.375,0.566,-0.308,0.563,0.266,0.915,-0.893,0.675,0.072,0.705,-0.734,-0.115,-0.378,-0.329,-0.817,0.662,-0.922
BE101,Beer,-0.466,1.09,0.922,-0.92,-0.465,0.04,-1.081,-0.943,-0.91,-0.792,1.449,1.42,0.128,-1.453,-1.56,-1.364,-0.338,-0.879,-0.053,-0.539,-0.982,-0.126,-1.184,-0.614,1.696,0.955,-0.645,-0.382,-0.341,0.191,-1.891,1.008,0.204,0.88,0.649,0.076,0.655,0.171,0.31,-1.48,-0.893,-0.78,-0.824,-0.61,-0.443,-0.779,-0.558,-0.451,-0.066,-0.136,-0.875,1.106,0.932,-0.836,-0.155,-0.814,-0.632,-1.111,-0.694,-0.819,-0.435,-0.65,-0.441,0.278,0.133,-1.018,-2.554,-2.58,-0.929,-1.775,-1.293,-1.255,-1.652,-4.386,-2.707,-1.531,-2.132,-0.519,-1.085,-1.612,1.285,-0.922
BE102,Beer,5.355,1.367,1.449,0.699,1.202,1.091,0.579,0.619,-0.189,-0.502,-0.69,-0.62,-0.363,-0.633,-0.759,-1.219,0.935,1.159,1.289,1.211,0.241,0.902,-0.164,-0.535,3.236,1.416,0.419,2.376,2.888,0.191,-0.799,-1.004,-0.738,-0.52,0.023,-0.987,-0.679,-0.7,0.995,-0.717,-0.299,-0.66,-0.345,-0.61,-0.443,-0.004,-0.558,-0.451,0.98,0.776,1.04,0.654,1.593,0.968,0.806,-0.203,-0.632,0.298,0.489,1.15,0.558,-0.677,-0.441,-0.147,0.218,-0.569,0.703,-0.826,0.839,1.034,0.956,2.223,1.056,0.342,0.518,0.968,0.945,0.322,0.923,0.818,-0.584,-0.922
BI001,Bioethanol,-0.466,-0.742,-0.652,1.528,0.27,0.409,0.733,0.807,0.504,-0.386,1.558,1.077,2.791,-0.251,-0.158,-0.056,0.952,1.498,-0.541,3.513,1.166,0.902,0.85,0.944,0.133,1.486,2.258,3.571,4.241,4.389,-0.648,-0.558,-0.752,-0.54,-0.62,1.713,1.665,1.765,1.159,0.77,-0.051,0.177,0.039,-0.354,-0.443,0.616,0.323,-0.451,1.147,1.384,0.104,0.91,0.856,1.534,0.438,1.111,1.225,1.706,1.454,1.807,0.906,1.641,0.835,0.173,-1.478,-0.542,-0.459,-1.353,-0.929,0.806,0.159,0.173,-0.045,-0.729,-0.573,0.177,-0.269,-0.269,0.285,0.016,-0.584,1.078
BI002,Bioethanol,2.149,-0.554,-0.722,0.871,-0.228,0.142,-0.084,-0.035,-0.531,-0.792,0.11,-0.62,-0.363,0.005,0.195,0.632,1.443,0.039,1.509,0.505,1.079,-0.264,1.277,0.903,1.37,0.062,-0.533,-0.382,-0.341,0.191,-0.507,-0.937,-0.152,-0.52,0.655,1.507,2.284,1.639,1.679,1.011,1.732,1.193,1.909,2.269,2.708,1.314,2.232,3.397,0.266,0.107,0.539,-0.099,-0.266,-0.091,0.574,0.459,-0.632,-0.137,1.516,1.807,1.044,1.125,-0.293,0.538,-1.478,-0.413,-0.986,-1.321,-0.929,-0.728,-1.293,-0.356,0.112,-0.479,-0.083,0.291,0.025,-0.299,-0.29,-0.447,-0.584,1.078
BI003,Bioethanol,0.741,-0.68,-0.722,1.528,0.244,0.433,1.089,1.617,1.816,1.866,0.382,0.845,0.175,0.005,0.195,0.632,0.234,1.498,-0.586,1.391,0.476,0.902,0.667,0.944,0.979,1.879,2.464,4.855,4.935,0.191,-0.64,-0.967,-1.32,-0.73,0.615,1.674,2.403,1.843,-0.155,0.77,-0.299,-0.003,0.806,0.734,-0.138,1.159,1.645,0.992,0.278,0.729,0.91,0.434,0.62,1.714,0.209,0.7,0.949,2.023,1.423,1.807,0.203,0.364,-0.39,0.506,-1.478,-0.523,-0.523,-0.527,-0.929,0.047,-1.293,0.111,-0.594,-0.536,-0.734,0.22,0.157,-0.25,-0.198,-0.372,-0.584,1.078
BI004,Bioethanol,4.216,-0.182,-0.232,1.528,0.216,0.373,1.007,1.434,1.407,1.412,0.282,0.589,-0.363,0.46,-0.291,-0.129,1.534,1.498,-0.592,2.006,1.032,0.902,0.768,0.944,1.495,1.879,2.326,4.441,5.231,0.191,-0.828,-0.773,-1.04,-0.47,0.824,2.182,2.674,2.072,0.31,1.453,0.395,0.535,1.382,0.606,0.269,2.012,2.232,0.03,0.651,0.183,1.336,1.157,0.722,1.182,-0.383,0.951,0.635,1.765,0.893,1.807,0.364,0.737,-0.146,0.446,-1.478,-0.514,-0.743,-1.085,-0.929,0.203,0.371,0.082,-0.511,-0.696,-0.783,0.466,0.386,-0.29,-0.186,-0.484,-0.584,1.078
BI005,Bioethanol,1.126,0.161,0.329,0.953,-1.114,-0.889,-0.545,-0.401,-0.91,-0.792,-0.496,-0.62,-0.363,-0.907,-1.226,-0.928,1.937,0.176,-0.096,-0.308,1.694,0.32,2.197,0.334,2.247,0.442,-0.118,-0.382,-0.341,0.191,0.203,-0.236,0.155,-0.33,0.954,1.746,2.891,1.466,1.679,1.453,2.574,2.926,2.149,3.036,4.334,1.546,2.967,2.194,-0.533,-0.6,1.246,-0.9,-1.551,-0.836,1.089,1.375,1.66,1.096,0.676,1.807,0.816,1.701,1.336,-0.705,-1.478,0.208,-1.512,-1.323,-0.929,-1.316,-1.293,-0.304,-0.837,-0.438,0.216,0.363,0.572,-0.292,-0.519,-0.371,-0.584,1.078
BR001,Bread,0.462,-0.628,-0.792,0.06,-0.358,-0.302,-0.187,-0.121,-0.497,-0.692,1.352,1.269,0.128,0.009,0.374,0.829,0.4,0.314,-0.453,2.491,0.056,0.591,-0.218,0.944,0.125,0.298,0.531,-0.021,0.095,0.191,-0.697,-0.786,-0.43,-0.39,0.881,1.433,0.361,1.621,0.31,0.408,-0.497,-0.72,0.902,-0.418,-0.341,-0.547,-0.558,-0.451,0.903,1.148,1.366,1.134,0.419,1.308,0.948,1.037,1.814,-0.183,1.018,0.33,-0.074,-0.717,-0.441,0.093,0.688,-0.065,0.773,-0.345,-0.929,1.182,-1.293,0.482,0.577,0.271,0.558,-0.26,-1.675,-0.205,0.817,0.621,-0.584,1.078
BR002,Bread,-0.466,-0.685,-1.352,0.569,0.491,0.594,0.323,0.736,-0.606,-0.619,0.525,0.513,-0.363,-3.64,-2.829,-1.51,-0.138,0.408,0.321,-0.357,-0.223,-0.336,-0.484,-0.294,0.294,-0.406,-0.372,-0.382,-0.341,0.191,-0.804,-0.94,-0.199,-0.32,0.911,1.606,-0.713,1.618,-0.729,-0.195,-0.299,-0.6,0.231,0.03,-0.341,0.306,-0.117,-0.211,0.234,0.933,0.791,0.335,0.277,1.132,0.819,0.749,2.13,-0.307,0.271,0.822,-0.106,-0.717,-0.441,0.239,0.849,-0.232,1.072,0.41,0.83,2.01,-1.293,0.508,1.163,-0.061,0.561,-0.372,-1.699,-0.301,0.769,0.071,-0.584,1.078
BR003,Bread,-0.466,-0.844,-0.722,-0.873,0.787,0.369,0.492,0.865,0.231,-0.141,1.304,0.589,0.128,-3.64,-2.829,-1.51,1.505,0.551,-0.007,0.16,0.286,-0.401,0.068,-0.289,-0.258,-0.621,2.918,3.02,3.248,0.191,-0.935,-0.911,-0.504,-0.33,0.738,1.396,-0.614,1.407,-0.182,-0.275,-1.042,-0.72,-0.057,-0.354,-0.443,-0.159,-0.117,-0.451,0.98,1.24,1.148,0.741,0.323,0.16,0.485,0.822,2.317,-0.412,0.644,0.986,-0.183,-0.717,-0.441,0.304,0.34,0.351,-1.397,-0.918,-0.929,-1.128,-1.293,-0.313,-1.254,-0.612,-0.938,-0.854,-1.944,-0.311,-1.085,-0.539,-0.584,1.078
BR004,Bread,0.4,-0.708,-0.652,1.528,-0.14,-0.228,0.236,0.451,-0.05,0.054,-0.155,-0.091,-0.363,-3.64,-2.829,-1.51,1.134,1.227,-0.396,0.682,0.296,0.902,0.423,0.944,0.327,0.365,0.489,-0.068,-0.057,0.191,-0.769,-0.888,-0.821,-0.33,0.636,1.501,-0.29,1.494,-0.729,0.609,0.642,0.057,0.471,-0.418,-0.443,0.461,-0.117,-0.451,0.535,1.083,1.396,0.442,0.025,0.931,1.013,0.979,2.711,-0.272,0.769,0.822,-0.4,-0.717,-0.441,-0.559,0.213,-0.449,0.08,-0.699,0.177,0.572,0.045,0.214,-0.067,-0.502,-0.577,1.106,-0.896,0.358,-0.279,-0.773,-0.584,1.078
LA001,Laboratory,2.336,1.021,1.589,0.367,-0.658,-0.591,-0.432,-0.475,-0.768,-0.792,-0.496,-0.62,-0.363,-0.633,-0.158,0.235,-1.068,0.884,-0.065,-0.22,-0.828,0.384,0.523,0.424,0.998,0.499,1.396,0.253,0.234,0.191,-0.18,-0.437,0.218,-0.51,-0.852,1.87,2.048,1.658,1.679,0.488,0.642,-0.242,0.567,0.478,0.065,1.081,0.03,-0.451,-0.403,0.53,1.117,-0.083,-0.153,0.248,0.65,1.018,1.143,-1.169,1.111,1.807,0.49,-0.717,-0.441,0.859,-1.478,-0.116,0.337,1.043,-0.929,-0.164,1.06,1.092,0.481,4.894,5.1,1.031,1.032,-0.034,0.343,0.395,-0.584,-0.922
LA002,Laboratory,-0.466,1.319,1.996,1.223,0.717,1.228,-0.484,-0.66,-0.91,-0.792,1.852,3.316,0.861,0.381,0.823,1.986,-1.068,-1.105,-1.007,-0.539,-0.738,0.902,-0.956,0.753,-0.884,1.026,1.597,-0.382,-0.341,-4.007,1.063,0.933,-0.692,-1.63,-1.075,0.545,-1.517,0.555,1.131,0.247,0.246,-0.003,1.67,1.949,0.472,1.314,0.47,0.751,-1.203,-1.197,-0.875,1.357,1.774,-0.045,0.213,0.137,-0.302,0.122,1.267,1.807,1.092,0.8,-0.441,-3.688,-1.478,-0.611,-1.724,-1.711,-0.929,-1.425,-1.293,-0.737,-1.26,-1.546,-1.456,-0.111,-0.959,0.727,-1.085,-0.878,-0.584,1.078
SA001,Saké,-0.466,-0.786,-0.719,-0.323,0.661,0.661,1.094,1.454,1.496,1.952,0.817,0.797,0.007,-0.907,-0.758,0.146,-0.582,-0.364,-0.245,-0.305,0.711,0.017,0.526,-0.626,0.063,-0.798,-0.408,-0.382,-0.341,0.191,-0.004,0.268,-0.93,-0.9,-0.149,1.375,0.434,1.442,0.995,0.89,0.048,0.117,-0.633,-0.546,-0.443,-0.237,-0.558,-0.451,-0.088,0.272,-0.875,-0.248,-0.648,-0.836,-0.173,0.645,0.247,1.695,0.831,1.15,-0.604,-0.717,-0.441,0.723,0.782,-0.451,-0.136,0.029,-0.929,-0.076,1,-0.242,-0.127,-0.182,-0.881,0.917,-0.885,0.025,0.111,-0.129,-0.584,-0.922
SA002,Saké,-0.466,-0.952,-0.932,-0.843,1.505,1.014,0.605,0.655,0.426,-0.186,-0.885,-0.62,-0.363,-3.64,-2.829,-1.51,0.851,-1.021,0.344,-0.376,0.46,-1.398,0.312,-0.743,0.902,-1.055,-0.024,-0.382,-0.341,0.191,-0.951,-0.76,-0.791,-0.5,-1.663,1.67,1.228,1.703,-1.058,-0.034,-1.091,-0.78,-0.633,-0.098,-0.138,-0.624,-0.558,-0.451,-0.24,-0.089,-0.875,-0.381,-0.937,-0.836,-0.227,-0.036,-0.632,-1.751,-1.223,-0.819,0.007,0.187,-0.441,0.115,-0.168,0.233,0.507,-0.364,-0.929,1.463,-1.293,0.926,0.565,2.4,1.796,-0.497,-0.355,0.033,1.932,3.604,1.908,1.078
SA003,Saké,-0.466,-0.63,-0.633,-1.022,0.409,0.375,1.283,1.283,1.133,-0.434,0.428,0.136,-0.363,-0.852,-0.692,-0.638,-0.803,-1.105,-0.552,-0.539,1.631,-1.66,0.573,-1.537,0.495,-1.307,-0.309,-0.382,-0.341,0.191,-0.753,-0.343,-0.308,-0.53,0.954,0.88,1.958,0.802,-0.647,1.332,0.097,-0.6,-0.393,-0.61,-0.443,-0.082,-0.558,-0.451,0.355,0.22,-0.875,0.983,0.324,-0.338,0.403,0.004,-0.632,0.873,1.641,0.33,-1.33,-0.717,-0.441,-0.212,0.548,0.214,0.803,-0.454,-0.929,1.269,1.449,0.724,1.012,3.108,1.453,2.735,-0.861,0.644,3.755,3.725,-0.584,-0.922
SA004,Saké,2.988,-0.439,-0.792,-0.196,1.824,1.955,1.994,2.454,2.098,1.486,0.72,0.664,0.374,-1.118,-1.159,-1.146,-0.565,0.237,-0.447,0.241,0.633,-0.578,0.959,0.143,0.384,-0.578,0.008,-0.382,-0.341,0.191,-0.804,-0.781,-0.764,-0.67,-1.401,1.781,1.213,1.724,-0.538,1.011,-0.992,-0.66,0.279,-0.482,-0.341,0.694,-0.558,-0.451,-1.403,-1.202,-0.875,0.374,-0.361,-0.836,-0.096,-0.019,-0.6,0.685,-0.258,1.315,-0.867,-0.717,-0.441,0.783,-0.508,-0.309,-0.694,-0.251,-0.929,-0.641,0.576,-0.314,-0.83,-0.376,-0.895,-0.368,-1.07,0.017,-0.147,-0.209,-0.584,-0.922
SA005,Saké,0.515,-0.525,-0.792,-0.148,1.824,2.266,2.906,3.01,2.614,1.367,0.382,0.438,-0.363,0.231,0.123,0.515,-0.242,0.57,0.168,0.244,0.533,-0.012,0.185,0.06,1.413,-0.568,-0.645,-0.382,-0.341,0.191,-0.776,-0.751,-0.6,-0.63,0.741,1.49,1.325,1.555,1.049,0.529,-1.042,-0.72,0.758,0.414,-0.036,1.159,1.058,0.03,0.134,0.541,-0.31,0.97,0.21,0.048,0.846,0.824,-0.632,1.812,1.329,1.807,-0.883,-0.717,-0.441,0.794,0.605,-0.255,0.456,-0.348,-0.929,0.205,0.666,0.468,0.111,3.698,1.059,0.223,0.117,2.38,0.987,1.45,-0.584,-0.922
SA006,Saké,2.767,-0.351,-0.792,0.163,0.016,0.172,0.737,0.809,0.976,0.731,0.382,0.136,-0.363,-0.852,-0.492,-0.198,0.289,-0.633,3.015,-0.411,0.618,-0.113,0.52,0.322,1.475,0.213,-0.645,-0.382,-0.323,0.191,-0.87,-0.853,-0.571,-0.53,-0.096,1.473,0.835,1.844,0.31,0.85,0.444,0.296,-0.824,-0.61,-0.443,-0.624,-0.558,-0.451,-0.116,-0.113,-0.875,0.299,-0.81,-0.836,0.162,0.157,-0.632,0.345,-1.223,-0.819,-1.099,-0.717,-0.441,-1.112,-0.297,0.199,-0.253,0.669,-0.929,-0.302,0.662,0.36,0.131,3.675,1.705,0.97,0.843,4.124,0.91,1.686,-0.584,-0.922
SA007,Saké,-0.466,-0.561,-0.951,-0.075,0.911,0.944,1.051,1.518,1.355,1.954,0.882,0.511,-0.363,-0.123,-0.081,0.818,0.35,0.73,1.06,-0.463,1.3,0.455,1.588,0.299,0.463,-0.418,-0.645,-0.382,-0.341,0.191,0.102,0.223,-0.42,-0.32,0.954,1.807,1.327,1.935,-0.182,0.448,-0.447,-0.72,-0.105,0.03,0.269,0.384,0.03,-0.211,-0.933,-0.483,-0.851,-0.012,-0.475,0.014,-0.054,0.06,-0.632,0.11,-0.196,-0.162,-0.267,-0.717,-0.441,0.565,-1.478,-1.018,-2.554,-2.58,-0.929,-1.775,-1.293,-1.255,-1.652,-4.386,-2.707,-1.531,-2.132,-0.519,-1.085,-1.612,-1.207,-0.922
SP001,Spirits,1.344,-0.182,-0.787,1.04,1.824,1.547,1.186,0.535,1.036,1.446,-0.203,-0.153,0.043,-0.287,-0.052,0.431,0.976,0.328,1.586,-0.21,0.421,0.13,0.408,-0.06,0.488,-0.288,0.24,-0.196,0.063,0.191,-0.743,-0.729,-0.178,-0.41,0.861,0.572,0.64,0.371,1.679,0.408,-0.15,-0.421,0.087,0.286,0.065,0.461,1.058,0.27,1.31,1.332,1.602,1.054,1.109,1.476,1.089,1.375,0.968,0.979,1.111,1.807,1.448,2.652,3.222,0.382,-1.478,-0.294,-0.637,-0.529,-0.929,0.459,0.022,0.641,0.314,0.266,0.974,0.01,2.124,-0.153,-0.092,-0.014,-0.584,-0.922
SP002,Spirits,-0.466,-1.215,-1.002,0.735,0.79,0.936,0.737,0.175,0.625,0.242,-0.113,0.06,0.374,0.009,0.374,0.829,0.409,-0.134,0.598,-0.511,-0.252,-0.315,-0.261,-0.222,-0.718,-0.275,0.476,-0.03,-0.341,0.191,-1.124,-1.057,-0.38,-0.52,0.916,2.047,0.793,1.81,1.679,0.89,-0.051,-0.242,0.854,0.414,-0.036,0.694,0.47,0.511,0.03,1.789,1.597,1.357,1.419,0.627,1.089,1.375,-0.632,1.131,0.707,1.479,1.938,2.652,3.222,0.859,-1.478,-0.324,-1.477,-0.869,-0.929,-1.159,-1.293,-0.544,-0.798,-1.719,-0.551,-0.724,-1.666,-0.31,-0.591,-0.303,-0.584,-0.922
SP003,Spirits,-0.466,-0.912,-0.792,0.237,-0.624,-0.008,-0.292,-0.449,-0.702,-0.792,0.525,0.513,-0.363,-0.818,-1.159,-0.783,-0.094,0.329,-0.395,-0.332,-0.74,0.035,-0.239,0.533,-0.587,-0.087,2.176,0.335,0.146,0.191,-0.904,-0.998,-0.437,-0.46,0.901,1.098,-0.391,1.078,-0.1,0.529,0.395,0.774,0.183,-0.226,-0.24,-0.314,-0.558,-0.451,0.798,1.444,0.857,-0.024,-0.021,1.174,0.904,1.375,2.183,0.709,1.516,0.166,0.089,-0.717,-0.441,0.407,0.533,0.172,0.737,0.922,-0.929,0.217,-1.293,1.346,-0.293,4.238,2.711,-0.547,-1.536,-0.195,-0.18,0.832,0.039,-0.922
SP004,Spirits,1.172,-0.092,-0.232,1.528,-0.695,-0.395,0.01,0.626,0.252,-0.154,-0.69,-0.62,-0.363,-0.579,-0.492,-0.201,-1.068,0.26,-0.275,-0.209,0.315,0.902,0.574,0.732,0.632,1.087,1.045,0.216,-0.341,0.191,-0.384,-0.567,-1.158,-0.99,0.562,1.837,0.929,1.448,1.268,-0.235,-0.101,-0.66,2.917,4.508,6.062,1.701,2.967,4.119,-0.425,0.713,1.38,0.367,-0.101,1.262,1.034,1.145,2.642,0.732,1.298,1.643,0.338,0.518,-0.441,0.738,-1.478,-0.308,-0.779,-1.046,-0.929,-0.716,-1.293,-0.277,-0.394,-0.538,-0.199,-0.188,0.237,-0.249,-0.025,0.599,-0.584,-0.922
SP005,Spirits,1.61,-0.606,0.259,1.528,-1.274,-0.89,-0.997,-0.943,-0.91,-0.792,-0.885,-0.62,-0.363,-1.016,-1.493,-1.001,0.059,1.498,0.48,-0.539,-0.71,0.902,-0.703,0.944,-0.067,0.732,-0.645,-0.382,-0.341,0.191,-0.46,-0.472,1.021,0.85,0.954,1.167,0.678,1.011,-0.374,0.408,1.138,1.312,-0.824,-0.61,-0.443,-0.779,-0.558,-0.451,0.169,-0.695,-0.875,-1.306,-0.828,-0.836,0.614,0.585,0.771,-0.125,-1.223,-0.819,-1.188,-0.717,-0.441,-0.558,0.565,-0.546,-0.687,0.588,-0.929,-0.965,-1.293,-0.771,-0.709,-2.288,-1.259,-0.701,-1.301,-0.07,-0.497,-0.715,-0.584,-0.922
SP006,Spirits,-0.466,-0.048,-0.302,0.248,-0.605,-0.443,-0.052,-0.244,-0.055,-0.634,3.978,0.588,-0.363,-0.633,-0.158,0.525,0.62,0.317,0.149,4.471,0.402,-1.66,1.431,0.206,-0.691,-0.078,0.723,-0.382,-0.341,0.191,-0.262,-0.854,0.384,-0.22,0.954,1.714,0.734,1.673,0.365,0.448,0.494,0.117,1.718,1.565,0.777,1.236,0.323,0.03,-0.155,0.386,0.491,-0.323,0.063,-0.33,0.726,0.924,1.021,0.427,1.423,0.002,-0.108,-0.717,-0.441,0.154,-1.478,0.443,-0.62,-0.955,-0.929,-0.898,-1.293,-0.277,-0.754,-0.366,-0.185,-0.749,0.489,-0.126,-0.366,-0.233,-0.584,1.078
SP007,Spirits,-0.466,-0.459,-0.372,0.726,-1.169,-1.005,-0.415,-0.215,-0.818,-0.792,-0.885,-0.62,-0.363,-3.64,-2.829,-1.51,0.621,0.567,-0.214,0.62,0.949,0.902,0.588,0.944,-0.514,0.724,0.308,-0.001,0.003,0.191,-0.666,-0.745,0.207,-0.23,-0.533,-0.507,-0.494,-0.408,1.679,-0.154,0.296,0.595,-0.824,-0.61,-0.443,-0.004,-0.558,-0.451,1.424,1.509,1.256,1.357,1.632,1.488,1.089,1.248,2.481,0.932,0.52,-0.819,0.064,0.191,-0.441,-1.273,-0.768,-1.018,-2.554,-2.58,-0.929,-1.775,-1.293,-1.255,-1.652,-4.386,-2.707,-1.531,-2.132,-0.519,-1.085,-1.612,-1.207,1.078
SP008,Spirits,-0.466,-0.999,-0.786,1.528,-1.526,-1.204,-0.484,-0.359,-0.513,-0.113,-0.288,-0.435,0.088,-0.764,-0.756,0.536,0.774,1.498,-0.257,-0.242,1.229,0.902,0.673,0.944,-0.743,1.162,0.43,-0.029,-0.341,0.191,0.079,-0.021,0.042,0.02,-0.22,0.378,1.085,-0.145,-1.058,0.087,-0.051,-0.66,1.67,1.245,0.777,0.849,0.617,-0.451,0.997,0.684,1.189,0.258,1.114,-0.806,0.294,-0.143,-0.632,0.967,0.458,-0.819,0.535,0.41,-0.441,0.118,0.815,0.516,-0.712,-0.579,0.076,-0.736,0.506,-1.255,-0.613,-0.057,-0.19,-0.092,0.558,-0.263,-0.484,-0.59,-0.584,1.078
SP009,Spirits,-0.466,-0.82,-0.891,1.251,-0.65,0.078,0.344,0.238,0.193,0.9,0.246,0.336,-0.363,-0.862,-0.593,0.439,-0.178,1.383,-1.007,-0.539,1.177,0.685,0.525,0.944,0.182,0.5,2.916,3.396,3.356,0.191,0.063,0.285,-0.282,-0.22,-0.412,-0.586,-0.114,-0.224,-1.058,0.97,1.039,1.133,1.43,1.117,0.472,0.694,0.176,-0.451,0.522,0.379,1.297,-0.325,0.132,-0.08,-0.525,-0.6,-0.632,0.239,-0.756,-0.819,0.638,0.192,-0.441,0.549,0.969,-0.282,2.297,0.974,1.164,0.821,1.034,-0.203,3.559,0.244,0.778,0.099,0.071,-0.242,6.72,4.52,-0.584,-0.922
SP010,Spirits,-0.466,-0.457,-0.242,1.528,-0.634,-0.27,0.001,0.01,0.146,1.101,-0.326,-0.482,-0.363,0.233,0.082,0.94,0.667,1.498,1.189,0.315,1.173,0.902,1.834,0.944,-0.306,1.137,-0.511,-0.382,-0.341,0.191,0.56,0.692,0.78,0.1,0.535,0.044,0.122,0.058,-1.058,1.533,0.741,-0.6,-0.345,-0.61,-0.443,-0.159,-0.558,-0.451,0.492,-0.283,0.604,-0.001,0.506,-0.492,-0.731,-0.204,-0.632,0.462,-0.881,-0.661,-1.286,-0.717,-0.441,0.39,0.567,-0.009,-0.004,-0.442,0.23,-0.158,0.395,-0.12,0.911,-0.106,0.808,0.019,0.018,-0.279,3.135,4.046,0.039,1.078
SP011,Spirits,-0.466,-0.69,-1.04,-0.244,-0.98,-0.99,-0.528,-0.354,-0.288,-0.047,-0.34,-0.228,-0.363,-0.504,-0.586,0.275,-0.674,1.07,-0.092,-0.302,0.258,0.902,0.874,0.944,-0.354,-0.257,-0.082,-0.382,-0.341,0.191,-0.299,-0.01,-1.041,-0.25,-0.623,0.509,0.719,0.217,-1.058,0.689,-0.398,-0.78,2.005,2.333,1.895,0.771,0.911,0.751,0.169,0.068,-0.198,0.165,0.002,-0.836,-0.272,0.442,-0.632,0.403,-1.223,-0.819,1.788,2.267,2.575,0.543,-1.478,-0.056,2.241,-0.192,1.103,3.669,1.368,1.416,1.486,-0.02,0.872,0.005,0.356,-0.221,0.75,0.391,-0.584,1.078
WI001,Wine,-0.466,-0.91,-0.939,1.059,1.614,1.617,1.23,0.76,0.987,0.734,-0.088,-0.058,0.129,-0.094,0.253,0.773,0.168,0.669,0.802,-0.361,0.226,0.361,0.251,0.514,-0.2,-0.42,0.603,-0.045,0.012,0.191,-0.424,-0.736,-0.425,-0.26,0.777,0.275,-0.061,0.416,1.679,0.569,-0.051,-0.302,0.902,0.798,-0.138,0.694,0.617,0.751,-0.573,0.496,1.035,-0.041,0.299,0.472,0.861,0.368,-0.632,0.403,0.395,1.479,1.444,1.666,2.224,0.859,-1.478,-0.223,-0.85,-0.654,-0.929,-1.064,-0.091,-0.484,-0.48,0.199,-0.038,-0.559,-0.949,-0.11,-0.043,0.708,-0.584,-0.922
WI002,Wine,-0.466,-0.066,0.088,0.383,0.999,0.865,0.201,0.034,0.843,0.06,0.203,-0.62,-0.363,1.272,1.417,0.814,-0.693,-0.768,-0.273,-0.29,-1.094,0.61,-0.708,0.458,-0.638,-0.246,0.971,0.778,0.072,0.191,-0.913,-0.389,0.075,-1.22,-0.6,-0.471,-0.284,-0.278,-0.538,1.332,1.732,1.91,0.854,0.67,-0.036,1.546,1.204,1.954,0.286,1.16,0.246,-0.318,-0.23,-0.836,0.612,0.365,-0.632,0.885,1.703,1.807,1.076,0.954,0.919,-3.688,-1.478,0.294,-0.33,-0.133,-0.929,-0.866,-1.293,-0.486,-0.317,0.726,-0.001,1.89,1.583,0.15,-0.385,1.007,-0.584,1.078
WI003,Wine,-0.009,-0.381,-0.935,0.6,1.636,1.084,1.038,0.818,1.309,1.291,0.284,0.458,0.099,-0.519,-0.143,0.545,-0.965,0.34,0.12,0.102,0.666,0.275,0.983,0.016,0.669,-0.242,0.361,0.004,0.462,0.191,-0.408,-0.508,-0.975,-0.65,0.542,0.223,0.003,0.164,1.159,0.77,1.385,1.073,0.854,0.542,0.167,0.384,0.03,-0.211,0.317,1.185,0.714,0.713,-0.251,0.923,0.816,0.531,0.432,1.448,0.862,1.807,1.203,1.208,1.908,0.14,-1.478,-0.213,0.493,-0.273,0.554,0.72,-1.293,0.038,1.124,-0.407,0.071,0.715,3.815,-0.213,0.358,-0.463,-0.584,1.078
WI004,Wine,0.438,0.065,-0.646,0.08,0.26,-0.124,-0.224,0.063,0.098,0.392,0.128,0.107,-0.363,0.224,0.253,0.114,-0.735,-0.113,0.988,-0.08,0.617,-0.019,0.421,0.065,0.732,-0.395,0.073,-0.218,-0.192,0.191,-0.875,-0.63,-0.904,-0.8,0.334,0.534,-0.131,0.431,1.35,0.569,0.444,-0.003,0.95,1.693,0.472,0.539,0.617,1.473,0.141,1.049,0.705,-0.242,-0.086,0.534,0.555,-0.195,-0.632,0.157,-1.223,-0.819,1.55,1.705,2.048,0.303,-1.478,-0.475,0.916,-1.205,1.125,3.099,-1.293,0.47,0.925,-0.94,-0.271,-0.554,1.127,-0.122,0.866,0.74,-0.584,1.078
WI005,Wine,-0.466,0.286,0.183,0.972,1.593,0.973,1.346,1.268,1.468,1.454,-0.15,-0.298,0.684,1.582,1.838,1.604,-1.068,0.607,-0.001,0.176,-0.369,0.149,0.613,0.17,-0.445,-0.077,1.586,0.837,1.006,0.191,-0.136,-0.024,0.601,-0.77,-0.737,0.057,-0.21,0.077,1.487,0.006,-0.101,-0.66,1.909,1.565,0.675,1.856,1.939,2.675,-0.114,0.851,0.742,0.489,0.485,0.683,0.78,0.528,-0.632,0.403,0.862,0.494,1.291,1.5,2.123,0.717,-1.478,-0.31,-0.3,-0.836,-0.929,-0.447,0.199,-0.314,0.255,-0.338,0.203,-0.234,0.75,-0.232,0.296,0.098,-0.584,1.078
WI006,Wine,-0.019,-0.522,-0.942,-1.022,1.625,0.844,0.749,0.417,0.487,0.927,0.612,0.592,0.088,-0.396,-0.29,0.258,-0.173,-1.105,-0.354,-0.539,-0.186,-1.66,0.262,-1.537,-0.353,-1.307,0.079,-0.23,-0.341,0.191,-0.291,-0.265,-0.76,-0.4,-0.293,0.107,-0.131,0.12,1.077,0.368,0.642,0.475,0.95,1.245,1.692,1.004,0.03,0.27,-0.081,0.877,0.633,0.109,-0.101,0.06,0.079,0.344,0.865,-0.125,1.267,1.479,0.09,-0.279,-0.381,-0.176,1.017,-0.332,-0.888,-0.096,-0.929,-0.457,-1.293,0.112,-0.712,-0.534,-0.324,-0.655,-1.327,-0.329,-0.273,-0.113,-0.584,1.078
WI007,Wine,-0.466,-0.016,-0.036,0.703,0.962,1.003,1.628,1.763,2.316,2.582,-0.422,-0.62,-0.363,1.164,0.923,0.768,-1.068,0.789,-0.298,-0.189,-0.73,0.89,0.768,0.944,-0.736,-0.258,0.916,-0.028,-0.341,0.191,0.321,-0.17,0.123,-1.07,-1.554,0.219,-0.398,0.318,1.268,0.649,0.791,0.296,2.293,2.397,1.997,2.244,2.82,3.638,0.11,1.025,0.533,0.785,0.795,0.655,0.736,0.827,0.504,1.495,0.831,-0.32,1.85,1.975,2.425,0.859,-1.478,-0.243,-0.068,0.607,-0.929,-0.639,-1.293,-0.342,-0.81,0.178,-0.883,0.008,0.239,0.095,-0.229,1.626,-0.584,-0.922
WI008,Wine,-0.466,-0.276,-0.979,0.336,1.727,1.384,1.302,0.462,0.501,0.675,0.328,0.033,-0.363,-0.788,-0.76,-0.113,0.329,0.675,1.242,0.916,0.398,0.572,-0.163,0.199,0.631,-0.122,-0.559,-0.382,-0.341,0.191,-0.525,-0.616,-0.453,-0.36,-0.007,-0.545,-0.489,-0.417,0.912,-0.677,-0.596,-0.72,0.183,0.478,0.065,0.384,-0.117,0.27,-0.008,0.933,0.872,0.784,0.318,1.362,0.832,0.249,-0.632,0.075,-0.85,-0.819,-0.03,-0.049,-0.004,0.37,0.446,-0.397,1.908,-0.343,2.636,2.732,-1.293,0.454,1.813,0.43,0.339,0.741,0.442,-0.237,0.318,-0.379,-0.584,1.078
WI009,Wine,-0.466,-0.245,-0.794,0.552,1.766,1.644,1.529,0.934,0.952,0.752,0.358,0.257,0.076,-0.09,0.087,0.604,0.663,0.435,1.203,-0.539,0.653,0.097,0.412,-0.148,0.264,-0.607,0.198,-0.135,0.047,0.191,-0.599,-0.252,-0.217,-0.43,0.544,0.645,0.468,0.213,1.679,0.488,-0.249,-0.421,0.998,0.989,0.777,0.461,0.911,1.473,0.057,0.899,0.655,0.707,0.301,0.577,0.919,1.107,1.484,0.932,0.987,1.649,1.938,2.652,3.222,0.859,-1.478,-0.523,0.299,-0.532,0.306,0.991,-1.293,0.4,1.466,0.733,1.198,-0.196,0.103,-0.261,0.671,0.095,-0.584,-0.922
WI010,Wine,-0.466,-0.576,0.727,1.469,1.508,1.205,2.784,2.794,3.045,3.374,-0.567,-0.249,-0.363,1.573,1.466,1.037,-1.068,0.872,-0.427,0.05,-0.702,0.902,0.761,0.944,-0.703,-0.354,1.194,0.254,-0.341,0.191,1.021,0.615,1.04,-0.67,-1.765,0.052,0.091,0.141,1.679,0.729,1.187,1.432,3.204,3.42,2.505,3.097,3.848,4.119,-1.024,0.359,-0.1,1.357,-0.045,1.512,1.089,1.375,-0.205,1.589,0.769,-0.478,1.728,2.476,3.103,0.359,-1.478,-0.342,0.347,0.24,-0.929,-0.332,0.546,-0.307,-0.294,0.084,-0.433,0.691,2.087,-0.215,-0.362,-0.423,-0.584,1.078
WI011,Wine,-0.466,-0.818,-0.919,1.237,1.694,0.628,0.808,0.735,0.544,1.109,0.755,0.248,0.152,-0.255,0.107,0.413,-1.068,0.267,-0.773,-0.433,0.849,0.554,0.14,0.601,0.135,-0.485,-0.274,-0.084,-0.108,0.191,-0.647,-0.148,-1.225,-0.95,-0.212,0.299,-0.136,0.445,1.46,0.569,0.89,-0.302,0.279,0.989,1.183,0.771,0.911,0.511,0.221,0.79,0.498,1.146,0.777,1.06,1.089,1.343,-0.632,1.084,1.174,1.807,1.816,2.652,3.222,0.117,-0.553,-0.311,0.204,0.335,-0.929,-0.096,0.477,-0.218,0.5,0.24,0.134,-0.064,0.863,-0.273,0.183,-0.045,-0.584,1.078
WI012,Wine,-0.466,-0.595,-0.014,-1.022,0.94,0.443,-0.91,-0.75,-0.91,-0.792,-0.649,-0.62,-0.363,0.971,0.527,-0.565,0.642,-1.105,1.305,-0.539,0.15,0.818,2.226,0.715,-0.514,-0.306,-0.645,-0.382,-0.341,0.191,1.239,0.518,1.379,1.14,0.419,-0.724,-0.957,0.078,-0.374,-1.119,-0.794,-0.481,-0.824,-0.61,-0.443,-0.779,-0.558,-0.451,0.179,-0.445,-0.875,0.315,0.199,-0.231,0.447,0.664,-0.632,-1.134,0.053,-0.819,0.397,0.662,-0.369,0.859,1.017,-0.273,-0.339,0.285,0.231,0.369,0.095,0.16,-0.182,-0.541,-0.474,-0.697,-0.798,-0.355,-0.585,-0.736,0.662,-0.922
WI013,Wine,-0.466,-0.167,0.716,1.528,0.184,0.34,1.265,1.543,1.854,2.233,-0.561,-0.424,-0.111,0.786,0.88,1.159,-1.068,1.498,0.03,0.106,-0.54,0.902,1.475,0.944,-1.084,0.388,1.405,0.269,-0.341,0.191,0.901,0.975,0.898,-0.74,-1.767,0.964,0.203,0.829,1.35,0.609,0.692,0.595,2.821,2.653,2.098,2.787,3.113,2.194,0.003,0.189,0.275,0.592,0.911,0.475,0.664,0.819,0.079,1.483,1.485,-0.162,1.383,1.77,2.221,0.287,-1.478,-0.337,0.55,0.43,-0.929,-0.13,0.791,-0.25,-0.333,-0.385,-0.751,0.361,1.157,-0.223,-0.422,-0.63,-0.584,1.078
WI014,Wine,-0.466,0.467,0.455,-1.022,1.824,2.514,3.291,3.983,4.252,4.384,-0.242,-0.278,-0.363,-0.607,-0.469,-1.51,-1.068,-1.105,-1.007,-0.539,-1.469,-1.66,-1.752,-1.537,-0.655,-1.307,-0.645,-0.382,-0.341,-4.007,-0.714,-1.693,-1.954,-1.63,-3.114,-1.649,-1.517,-1.471,-0.757,-0.195,-0.992,-0.78,0.758,0.158,-0.24,0.616,0.911,0.992,-0.172,-0.957,-0.875,0.437,0.639,-0.836,0.468,0.497,-0.587,0.979,0.925,-0.655,1.65,2.626,3.129,-3.688,-1.478,-0.281,-0.1,0.064,-0.929,-1.208,-0.241,-0.795,-0.986,-0.218,-1.67,-0.108,-0.148,-0.321,-1.085,-1.001,-0.584,-0.922
WI015,Wine,1.005,-0.171,-0.814,1.169,0.581,0.085,0.053,0.358,0.544,0.793,0.501,0.128,-0.363,0.484,0.757,1.235,-1.068,0.77,-0.388,0.247,0.155,0.571,-0.01,0.474,0.802,-0.013,0.291,-0.078,-0.068,0.191,-0.501,-0.421,-1.031,-0.59,-0.055,0.198,0.016,0.14,0.31,0.488,1.435,1.013,2.005,2.397,3.013,1.159,1.204,1.473,-0.29,0.522,0.12,0.18,-0.238,0.343,0.359,0.219,-0.632,0.145,1.08,-0.327,0.409,0.443,-0.441,0.401,-1.478,-0.475,-0.144,0.351,-0.929,-0.28,-1.293,0.174,-0.223,0.219,0.107,-0.175,1.465,-0.167,-0.382,0.01,-0.584,1.078
WI016,Wine,2.723,-0.105,-0.738,0.885,1.142,0.81,1.32,0.495,0.944,1.655,0.704,0.896,0.489,-0.656,-0.445,-0.062,-0.847,0.407,0.017,0.33,0.874,0.902,0.901,0.437,0.703,0.43,-0.209,-0.382,-0.341,0.191,-0.399,-0.67,-0.669,-1.19,0.655,0.484,0.343,0.425,0.529,0.569,0.543,0.416,1.286,1.949,3.013,0.771,1.058,1.473,0.174,1.065,1.68,0.756,0.231,0.955,0.265,0.947,1.715,0.826,1.08,0.986,0.879,1.232,1.003,-3.688,-1.478,-0.385,-0.741,-1.052,-0.929,-0.746,-1.293,-0.13,-0.493,-0.693,-0.466,0.323,-0.218,-0.341,-0.378,-0.489,-0.584,1.078
WI017,Wine,-0.466,-1.775,-1.702,0.904,0.541,-0.239,-0.16,0.045,-0.195,0.053,1.314,0.892,3.323,0.132,0.253,0.307,-1.068,0.58,-1.007,0.544,-0.932,0.749,-0.108,0.02,-0.593,-0.237,0.305,-0.048,-0.07,0.191,-1.045,-1.205,-1.411,-1.15,-0.228,1.097,0.055,1.345,1.131,0.448,0.989,0.715,0.758,0.861,0.777,0.694,0.764,-0.211,-0.147,0.805,0.771,0.867,-0.359,0.912,1.089,0.913,-0.632,1.46,1.205,-0.162,0.085,0.285,-0.441,-0.004,-1.478,-1.018,-2.554,-2.58,-0.929,-1.775,-1.293,-1.255,-1.652,-4.386,-2.707,-1.531,-2.132,-0.519,-1.085,-1.612,-1.207,1.078
WI018,Wine,-0.466,-1.852,-1.352,1.519,1.662,1.026,2.973,2.735,2.58,2.818,-0.885,-0.62,-0.363,-3.64,-2.829,-1.51,-1.068,0.857,0.716,1.324,-1.064,0.902,-0.243,0.793,-0.919,-0.345,1.407,1.677,0.083,0.191,-0.598,-0.76,0.138,-0.71,-1.888,1.216,0.413,1.272,0.721,0.247,-0.15,-0.541,2.485,2.972,2.81,2.787,4.582,4.119,-0.004,0.638,0.783,0.798,0.716,1.303,0.699,1.132,2.253,1.507,1.454,-0.162,1.481,2.634,2.69,0.22,-1.478,-1.018,-2.554,-2.58,-0.929,-1.775,-1.293,-1.255,-1.652,-4.386,-2.707,-1.531,-2.132,-0.519,-1.085,-1.612,-1.207,1.078
WI019,Wine,-0.466,-0.331,-1.347,-0.923,-0.561,-0.09,0.357,0.584,0.339,0.907,0.716,1.13,1.874,-0.28,-0.235,-0.75,0.529,-0.394,-0.212,-0.539,1.192,-0.52,1.091,-0.289,1.879,-0.668,-0.522,-0.382,-0.341,0.191,-0.06,0.035,-1.061,-0.66,-2.156,0.055,1.032,0.029,-1.058,1.131,-1.042,-0.78,0.327,0.03,-0.443,0.306,-0.411,-0.451,0.207,-0.056,-0.579,-0.071,-0.853,-0.836,-0.278,0.011,-0.632,-0.841,-0.103,-0.819,-0.31,-0.717,-0.441,0.108,0.433,-0.135,3.071,-0.215,3.342,3.093,3.676,-1.255,2.935,0.353,1.107,-0.535,-0.199,-0.377,3.141,0.424,-0.584,-0.922
WL001,Wild,-0.466,0.888,0.542,1.528,0.614,-0.078,0.001,-0.151,0.197,0.983,-0.708,-0.62,-0.363,1.395,1.312,1.656,-1.068,1.498,0.429,3.059,-0.891,0.902,-1.203,0.944,-0.674,1.879,1.286,0.385,0.206,0.191,-0.953,-0.405,1.115,-0.97,0.954,0.819,0.255,0.973,-0.593,-0.154,0.494,1.253,-0.009,-0.418,-0.24,0.073,-0.558,-0.451,1.375,1.645,1.315,0.093,1.175,1.996,1.089,1.375,3.063,0.61,1.267,0.166,1.202,1.16,0.811,-3.688,-1.478,-0.417,-0.931,0.174,-0.929,-0.694,0.652,-0.321,-0.478,0.252,0.153,2.895,2.042,-0.519,-0.3,-0.881,-0.584,1.078
WL002,Wild,-0.466,0.499,0.24,1.528,-1.079,-0.772,-0.193,-0.299,0.047,0.021,-0.743,-0.62,-0.363,-0.376,-0.371,-0.051,-0.553,1.014,-0.001,-0.198,-1.469,0.902,-1.264,0.944,-0.795,0.474,0.507,-0.382,-0.341,0.191,0.441,-0.204,0.248,-0.72,-1.671,0.311,-0.042,0.134,0.174,0.77,2.128,3.165,0.662,0.861,0.98,0.616,0.911,0.511,1.33,1.444,0.06,1.21,2.119,2.883,1.049,1.375,1.436,0.255,1.485,1.807,0.847,0.803,-0.257,0.859,-0.119,-0.43,-0.508,1.176,-0.929,-0.492,1.305,-0.054,-0.346,0.288,-0.213,3.801,1.525,-0.519,-0.429,-1.139,-0.584,1.078
WL003,Wild,-0.466,1.543,1.714,1.528,0.127,-0.185,0.573,0.723,0.933,0.746,-0.708,-0.62,-0.363,1.827,1.566,1.514,-0.649,1.47,0.846,3.873,-1.051,0.902,-1.355,0.944,-0.317,1.879,0.951,0.125,0.009,0.191,-0.694,-0.542,0.583,-0.92,0.688,0.388,0.344,0.597,0.009,0.649,1.138,1.372,0.135,-0.354,-0.443,0.539,-0.117,0.03,-0.18,-0.081,0.15,-0.012,0.198,-0.512,0.615,1.111,1.564,0.766,1.236,0.494,0.924,0.83,0.212,0.835,-1.478,-0.471,-1.058,-0.539,-0.929,-1.014,-0.037,-0.47,-0.809,-1.015,-0.621,-0.169,-0.132,-0.519,-0.562,-0.555,-0.584,1.078
WL004,Wild,0.912,0.11,2.427,1.528,0.277,0.401,0.14,-0.676,-0.668,-0.624,-0.836,-0.62,-0.363,1.554,0.844,1.398,-0.391,0.264,1.29,1.183,-0.311,0.241,-0.143,0.273,-0.446,1.879,0.64,0.02,0.023,0.191,-1.306,-1.36,0.11,-0.97,0.892,0.548,2.891,0.913,0.201,1.412,3.416,4.481,3.061,2.972,3.115,3.407,2.82,3.878,-0.201,0.547,0.265,-0.355,-1.156,-0.782,1.089,0.039,1.175,0.838,1.578,1.807,0.357,-0.665,-0.441,-3.688,-1.478,-0.356,-0.494,0.432,-0.929,-0.353,-1.293,0.092,-0.504,-0.213,-0.25,0.402,-0.098,-0.256,-0.458,-0.556,-0.584,1.078
WL005,Wild,0.512,-0.524,-0.693,0.044,-0.889,-0.787,-0.503,-0.251,0.005,0.353,-0.505,-0.62,-0.363,-0.206,-0.191,1.204,1.662,1.221,0.478,2.824,0.406,0.902,0.84,0.694,0.384,-0.032,0.494,-0.382,-0.341,0.191,-0.044,0.174,0.111,0.14,0.866,-0.409,0.135,-0.403,1.679,0.729,0.246,-0.003,0.854,-0.098,-0.443,-0.702,-0.558,-0.451,1.246,0.047,0.684,0.179,-0.022,0.393,0.742,0.873,0.739,0.779,0.613,0.494,0.235,-0.686,-0.441,0.187,0.934,-0.515,2.646,-0.26,1.713,2.02,1.76,-1.073,3.357,0.14,1.687,0.466,0.048,-0.251,1.95,0.661,-0.584,1.078
WL006,Wild,0.534,-0.435,-0.618,0.129,-0.851,-0.766,-0.427,-0.141,0.123,0.321,-0.349,-0.62,-0.363,-0.204,-0.217,1.23,1.28,1.199,0.509,2.885,0.582,0.902,0.64,0.808,0.511,-0.06,0.588,-0.382,-0.341,0.191,-0.265,-0.068,0.174,0.02,0.834,-0.501,0.074,-0.324,1.679,0.77,0.097,-0.541,1.094,0.606,-0.138,-0.702,-0.558,-0.451,0.714,0.866,0.761,0.061,0.086,0.41,0.23,1.162,-0.632,0.533,0.644,0.494,0.021,-0.717,-0.441,0.585,1.017,-0.448,3.441,-0.044,2.037,2.596,2.098,-1.074,3.964,0.198,1.853,0.776,0.214,-0.084,1.732,0.01,-0.584,1.078
WL007,Wild,0.748,-0.689,-0.751,0.345,-0.898,-0.756,-0.314,-0.226,0.518,0.467,-0.281,-0.62,-0.363,-0.33,-0.354,1.291,1.165,0.735,0.797,2.593,0.678,0.624,0.609,0.549,0.28,-0.189,0.805,-0.382,-0.341,0.191,-0.259,-0.312,0.021,0.09,0.842,-0.62,-0.076,-0.082,1.679,0.649,-0.002,-0.66,0.375,0.606,-0.138,-0.779,-0.558,-0.451,0.522,0.48,-0.467,-0.038,-0.579,0.117,0.306,0.325,-0.632,0.31,0.302,1.15,-0.048,-0.717,-0.441,0.376,1.017,-0.304,1.319,-0.507,1.067,1.3,1.356,-1.255,2.538,0.17,1.555,0.489,0.003,-0.257,1.537,-0.225,-0.584,1.078
