N,K,P,run,sampler,time,load_min_ess,load_mean_ess,load_med_ess,prec_min_ess,prec_mean_ess,prec_med_ess
50.0,1.0,10.0,1.0,ortho,24.287,786.5275555075983,2613.3223957846812,1821.1889799120472,2012.6974016289348,3577.518785853311,3793.6749667272106
50.0,1.0,10.0,1.0,gibbs,4.521,416.94781808242,1014.3796906158689,980.7831162763557,812.0332827516709,1515.9821295213783,1633.338107330856
50.0,1.0,10.0,1.0,hmc,11.135,1005.5719299988214,1499.8140258423962,1555.381457374158,752.8943677375898,1358.9111484960742,1466.7774570237661
50.0,1.0,10.0,1.0,old,5.939,74.76956335116368,576.9618185334273,328.1336959700219,215.78558476516557,1404.1329158474423,1552.7837650957617
100.0,1.0,10.0,1.0,ortho,43.948,895.988115784572,1908.6271835088014,1375.9045875156185,2556.29136701559,3786.1899024802033,3852.4947482255266
100.0,1.0,10.0,1.0,gibbs,7.636,416.27645984340944,915.2497366523343,800.5435273111673,1173.93665665277,1510.6196046953287,1530.5508224178357
100.0,1.0,10.0,1.0,hmc,19.204,1227.5219731468517,1520.7514214770163,1544.1501523041543,1141.8237316933319,1457.9646525305714,1461.5668898544495
100.0,1.0,10.0,1.0,old,16.047,90.35361546791488,382.51250954679915,239.7767853229268,231.53192755548673,1077.8571767502758,934.123242879818
500.0,1.0,10.0,1.0,ortho,204.227,474.6315785154638,1418.187887694376,1029.4440682973348,1482.5725661407287,3848.137690891666,4222.950768018312
500.0,1.0,10.0,1.0,gibbs,27.772,279.43404695539135,741.5630641367716,657.9374658607227,922.5768547159342,1435.5506334774423,1466.7469821689365
500.0,1.0,10.0,1.0,hmc,84.077,716.1703795986848,1401.8055889000411,1557.88664214539,909.495065181051,1446.1792993767203,1477.9005300662207
500.0,1.0,10.0,1.0,old,286.284,31.565812104471803,216.66262719343567,109.18147425907497,204.13827709862377,1312.3098639512266,1414.1954614318388
1000.0,1.0,10.0,1.0,ortho,421.476,430.5916680275511,1743.1166443241189,1437.3823767494623,995.413103767052,4015.8064997123947,4393.044078542485
1000.0,1.0,10.0,1.0,gibbs,55.993,189.0986124449075,855.577147440491,762.3365739949813,597.5871129163561,1450.4154299386832,1536.2147716949262
1000.0,1.0,10.0,1.0,hmc,185.059,418.8419300274734,1412.7214173561765,1561.7963973942667,871.7390674463471,1576.97604557289,1652.158007703285
1000.0,1.0,10.0,1.0,old,1175.091,22.316245109315105,383.3872799641717,174.6456023010055,152.71882829721918,1503.1465317528985,1666.9854562075147
50.0,2.0,10.0,1.0,ortho,39.658,491.7230408212241,1962.8846664183413,1717.9746491036904,1074.7914152045803,3159.810137532434,3805.6428762510745
50.0,2.0,10.0,1.0,gibbs,7.794,891.5286193668522,1083.6308794654733,1091.14681096007,862.0780584779715,1274.3596603124665,1276.6575114362427
50.0,2.0,10.0,1.0,hmc,19.298,1018.0483775806498,1305.9966353931668,1292.6154702897943,820.7151922801867,1298.3143119976255,1343.8310760495729
50.0,2.0,10.0,1.0,old,6.396,60.96014068385854,188.902510776264,171.79838222786543,189.13992784837936,552.6208943866546,495.67789456747533
100.0,2.0,10.0,1.0,ortho,80.559,475.94814667977295,718.590076851043,675.740935838619,1783.3199849364557,3238.4532179100497,3408.828180816542
100.0,2.0,10.0,1.0,gibbs,13.643,460.6971103863229,665.835171836431,683.8494353603578,1048.776241261929,1346.5720436442282,1373.1010485722513
100.0,2.0,10.0,1.0,hmc,35.385,1024.5452325380463,1270.617650872048,1294.47650152583,793.6543869578275,1373.2754605036916,1422.9203548300748
100.0,2.0,10.0,1.0,old,17.643,49.15039634527937,119.35901806255143,116.02548490952586,205.77328804422328,753.5420062902891,696.7334680122661
500.0,2.0,10.0,1.0,ortho,398.473,507.0602689259537,1314.8330361764297,1238.9335187467636,1964.9718616873283,3584.6317197317703,3885.1029218467243
500.0,2.0,10.0,1.0,gibbs,58.713,278.8183151673293,609.8331159429016,531.569415687982,1104.5337641538467,1409.9089899888083,1429.203363553696
500.0,2.0,10.0,1.0,hmc,170.408,528.5732824423205,1468.7837050390813,1518.4511010676579,1144.279476132956,1507.116503120542,1567.4066753448797
500.0,2.0,10.0,1.0,old,312.826,16.914444439909538,46.71321447603505,43.9020523938661,162.15422111777377,735.7296440986842,752.7562355620912
1000.0,2.0,10.0,1.0,ortho,795.752,378.9831272647406,1728.2222311219361,1726.6268353949627,805.7922662906296,3491.4619881598314,3758.5091399885396
1000.0,2.0,10.0,1.0,gibbs,115.049,176.14674047581212,762.6634345352466,671.4147991359957,310.1274364275093,1332.6003802984324,1408.7315043526019
1000.0,2.0,10.0,1.0,hmc,338.766,965.3502469312334,1555.1455442210495,1576.7744182650108,482.7854135487298,1476.5444275673676,1542.786621530377
1000.0,2.0,10.0,1.0,old,1327.963,14.138161921028747,115.64307152238985,53.862957938851345,73.71271155410443,1055.6981071147798,1093.4552627543421
50.0,4.0,10.0,1.0,ortho,89.224,1145.8114439031242,2926.467867352753,3088.0671166480975,1299.838141312667,2574.5561522918515,2467.9586690369006
50.0,4.0,10.0,1.0,gibbs,16.379,763.740250131867,1153.5520542337554,1164.0758630574928,341.0200172560496,955.2079343494082,1030.2345228328863
50.0,4.0,10.0,1.0,hmc,43.003,1063.1648803451144,1419.2280698034908,1397.9103192364723,512.2470179496819,1006.8224696232119,1019.9352171414046
50.0,4.0,10.0,1.0,old,8.259,112.24162118233893,433.91011971525114,409.1889831313546,107.14500094414132,363.3171272188162,306.18192374048806
100.0,4.0,10.0,1.0,ortho,168.614,450.51753087507547,1861.0816165078395,1794.060207995637,1459.0905980316961,3083.52876939083,2904.316271189002
100.0,4.0,10.0,1.0,gibbs,30.21,391.80665805314914,834.5275190291559,829.6747042684981,666.0380589805023,1122.8528259858415,1163.2156292352818
100.0,4.0,10.0,1.0,hmc,82.036,744.6077894862772,1330.2737802722334,1353.6010124368606,682.3948776061075,1042.0193197484589,1123.2078479742331
100.0,4.0,10.0,1.0,old,22.673,12.560534836451628,77.13614112686575,57.10252638528664,26.418541805179697,296.75226480942786,193.86587994895115
500.0,4.0,10.0,1.0,ortho,883.128,93.42665502627246,1095.922549029569,1117.372979197458,715.5810300862804,2864.9751934597816,3450.614339008145
500.0,4.0,10.0,1.0,gibbs,135.252,420.2285986001942,788.5001559824808,777.534735747266,717.4337216327855,1247.591411297235,1291.0749752270171
500.0,4.0,10.0,1.0,hmc,403.441,975.1456130169647,1562.0730608463123,1581.7698234267068,905.9745899927939,1347.3580352996003,1366.7019560578917
500.0,4.0,10.0,1.0,old,390.621,16.247989841463603,67.69364386268497,60.36819816536176,12.05219518501477,334.88264182159116,180.8145121438847
1000.0,4.0,10.0,1.0,ortho,1837.297,370.12483048341375,1159.9616203359242,1121.9035525122608,1671.6519354108011,3185.6262252989777,3185.799300383466
1000.0,4.0,10.0,1.0,gibbs,273.065,292.9557448984029,553.164762373752,493.252199607585,792.8749753624903,1291.731614395146,1371.2256565580383
1000.0,4.0,10.0,1.0,hmc,822.103,950.1552117618993,1421.4960107840534,1455.265819213243,868.28942932651,1249.791750810014,1223.447110230104
1000.0,4.0,10.0,1.0,old,1657.646,6.085112390518065,27.18750169755078,20.384567196445623,99.79395846300628,533.2160240640397,301.3427412096314
50.0,1.0,100.0,1.0,ortho,41.639,147.1743393213284,2011.4672595444374,1470.8980150799096,3301.75572301954,4018.4845171640254,4100.965933852593
50.0,1.0,100.0,1.0,gibbs,7.643,240.99347673399777,1297.3428069414474,1424.5679967120968,1196.86048602564,1590.7943216589927,1627.3699344188444
50.0,1.0,100.0,1.0,hmc,17.785,583.8559399758478,1415.4663853618852,1490.6936258606984,1018.7063533503926,1582.1754554951935,1600.9566970979113
50.0,1.0,100.0,1.0,old,15.576,52.29273071713065,1142.4409412313155,1252.2668367100187,960.7099436573207,1930.938398360381,1977.8035155460202
100.0,1.0,100.0,1.0,ortho,73.891,151.81972307598986,1618.7091243661787,995.9875704665997,3233.4376216038563,4074.1994123638706,4108.130103748662
100.0,1.0,100.0,1.0,gibbs,12.821,108.82246562726392,835.7479708232593,745.7778252481492,1216.3970296804816,1611.6370324442737,1654.3458051940524
100.0,1.0,100.0,1.0,hmc,32.437,165.0724917169475,1063.4354483327809,1070.3772298846693,993.597163786314,1553.2936849038933,1578.0830639993899
100.0,1.0,100.0,1.0,old,43.961,33.51565724644366,920.5778302888918,553.672073948341,883.1689727566496,1923.2640691197034,1965.7028344798168
500.0,1.0,100.0,1.0,ortho,359.592,123.61122122132592,1961.6952955001566,1128.4165757559927,2804.2444280105915,4225.249412664298,4247.818956490998
500.0,1.0,100.0,1.0,gibbs,53.482,101.13663896587069,774.6057037803138,578.5660512615414,1106.645720925982,1607.5118296939793,1629.3034246369255
500.0,1.0,100.0,1.0,hmc,149.899,226.7528223907993,1111.5970263395395,1119.382404224664,1033.6307375208423,1608.118832367219,1640.7628971841064
500.0,1.0,100.0,1.0,old,1088.669,26.59853598376068,788.4381063951897,394.80790619359277,517.1217384313708,1866.330401949355,1923.9544524261669
1000.0,1.0,100.0,1.0,ortho,740.049,138.14608275680135,1849.7716773565114,1351.8675190460867,2904.5122260269873,4198.038548551897,4248.25223330074
1000.0,1.0,100.0,1.0,gibbs,112.421,86.73581596893422,890.7765391149336,813.5166549768171,911.2323920872899,1581.3508334328033,1621.69920135572
1000.0,1.0,100.0,1.0,hmc,315.164,214.04349543374556,1037.5458244262234,1048.78966836243,1062.4262266065045,1587.2770637526658,1621.8380660304597
1000.0,1.0,100.0,1.0,old,6939.239,12.475381757026527,609.5570204704176,240.55680953591641,668.9014066535844,1899.664005765043,1954.780708007716
50.0,2.0,100.0,1.0,ortho,69.397,106.66332697819712,1060.9284578435866,900.4659546735159,2383.8730414359625,3847.106536487214,3951.5379261598837
50.0,2.0,100.0,1.0,gibbs,11.542,131.54914620144254,478.0985148248689,366.4745748293695,886.1069259432102,1493.7899979431788,1521.2294957698068
50.0,2.0,100.0,1.0,hmc,27.915,271.2493440681872,670.9462745535769,618.0475458137814,980.6047658519483,1514.6776111852676,1543.2604426630596
50.0,2.0,100.0,1.0,old,20.332,31.164044566547503,153.36749106596946,60.83598707103867,444.0410981934083,1752.8795545684045,1829.9935153129913
100.0,2.0,100.0,1.0,ortho,125.04099999999998,45.380013481442525,327.2446053628958,313.07683927355174,2447.3220135650017,3893.804801577777,3909.230390033107
100.0,2.0,100.0,1.0,gibbs,20.045,37.31220621214182,361.117168114196,211.9657388409534,1185.724007418348,1551.552589116461,1546.0106227312076
100.0,2.0,100.0,1.0,hmc,51.443,95.93965966627822,171.88456280848288,147.27681146624894,1087.3444284704774,1546.1381220307114,1574.828418426152
100.0,2.0,100.0,1.0,old,59.365,20.912541398806173,156.16512230781663,51.03354343314676,821.6722985207149,1742.8596941059327,1809.202357741308
500.0,2.0,100.0,1.0,ortho,594.124,31.827512124768326,416.22296292903826,297.4125576432424,2769.5342504198024,4287.1019461696405,4352.643712051367
500.0,2.0,100.0,1.0,gibbs,86.206,13.878966211460286,259.7977936049854,107.0808570874128,1045.8997367627994,1616.8635205634287,1647.6936946145242
500.0,2.0,100.0,1.0,hmc,242.93099999999998,88.90209902326413,392.3180745608591,330.4519373774957,915.4800595622141,1579.097589345698,1612.9750490648387
500.0,2.0,100.0,1.0,old,1448.722,5.509819860710106,176.81192514130754,27.995383121762803,477.9523164622275,1834.9867201489185,1895.142070089085
1000.0,2.0,100.0,1.0,ortho,1199.372,106.52504038027698,678.384810423159,443.2266532742649,2660.5597373205433,4239.343662027622,4279.401935239624
1000.0,2.0,100.0,1.0,gibbs,173.293,76.83070982135382,585.7272162748437,364.65250232109224,1025.5522945945697,1577.06102150523,1615.8943757600928
1000.0,2.0,100.0,1.0,hmc,498.369,123.12246258327329,594.8155127388492,456.5939623145321,1073.2638951718857,1580.9118483739046,1612.7336611531678
1000.0,2.0,100.0,1.0,old,8201.369000000002,3.73288473406631,276.1141863257351,34.725021154122985,423.8022060793452,1784.8997773298197,1887.064081148469
50.0,4.0,100.0,1.0,ortho,135.943,71.66737823183931,849.0055670276303,655.9971802415207,1034.9356702320626,3348.685550000053,3463.199470462774
50.0,4.0,100.0,1.0,gibbs,21.965,189.57458074373145,954.98806679688,982.0290690144616,356.28849752168793,1252.6653556410745,1280.1287579913328
50.0,4.0,100.0,1.0,hmc,56.05,202.447204356202,581.1348196186597,573.950426319016,113.98013225354666,983.8357686169468,1051.205954427397
50.0,4.0,100.0,1.0,old,29.914,24.369494445315393,476.39809069829664,418.148620899379,107.32820698329502,1058.5670050484114,1068.24621611466
100.0,4.0,100.0,1.0,ortho,256.404,121.72359408689127,953.2413872716825,881.8798331925789,2155.2598234072393,3715.2769922338525,3807.8529885688777
100.0,4.0,100.0,1.0,gibbs,39.061,121.0239818020217,651.285456592511,675.0225541908382,446.9389816507467,1326.9639567425154,1391.862490832732
100.0,4.0,100.0,1.0,hmc,108.472,82.22889471146475,383.3368508756726,366.4060596326051,81.13714489789083,1107.6422475095383,1212.335096629976
100.0,4.0,100.0,1.0,old,88.756,33.7150687727586,221.86689051492337,186.84594867961013,94.84303797342841,1142.6502061389472,1167.1138569990444
500.0,4.0,100.0,1.0,ortho,1255.906,69.10961699014737,462.6439884602912,373.97411323611334,2466.279228600909,3919.893809569482,4015.1994846332386
500.0,4.0,100.0,1.0,gibbs,170.515,53.09949899826181,759.8243921145337,716.3730319389808,1184.2594755652883,1563.5178152362475,1582.989319664779
500.0,4.0,100.0,1.0,hmc,529.752,62.039278486307936,589.1112323593264,582.6751002231144,1023.9749337137408,1566.8498865559432,1603.1515988658955
500.0,4.0,100.0,1.0,old,2075.62,17.276890231168988,192.35315096432575,111.0020444286757,469.67584426236067,1575.3947117757218,1691.794901546007
1000.0,4.0,100.0,1.0,ortho,2512.907,29.6845471434067,222.07540515625385,157.05608856142942,2409.473585411352,4066.5671066321192,4194.552046590366
1000.0,4.0,100.0,1.0,gibbs,344.818,61.71764518710764,647.9736355702923,561.3533566351864,1069.113064174934,1559.7726716565594,1592.0381460214064
1000.0,4.0,100.0,1.0,hmc,1044.533,87.43685914419726,418.4033481382558,378.6547685422829,1108.359344999107,1581.3292982793294,1614.4199753937808
1000.0,4.0,100.0,1.0,old,10656.036,7.148116345964277,171.77057074640445,89.86908731121864,251.29262793250263,1627.7383631821258,1691.625116485584
50.0,1.0,1000.0,1.0,ortho,200.346,2.553819869519031,151.78909409843465,5.965970964953766,2918.1172681623784,4131.148592387435,4164.039238850934
50.0,1.0,1000.0,1.0,gibbs,39.24,243.57150963183958,1364.9804346377894,1479.322008715654,735.8105893528107,1567.7759401632047,1594.0882974508834
50.0,1.0,1000.0,1.0,hmc,79.483,130.56273153894043,631.0721892984103,624.0724765035184,845.3868621601043,1579.2721107783452,1601.6865435005107
50.0,1.0,1000.0,1.0,old,136.214,93.73360895441043,1652.3996561855215,1879.7445949432217,1223.8024723779945,2026.9032985196268,2039.0498012785542
100.0,1.0,1000.0,1.0,ortho,389.854,24.552434922525205,826.328984581532,633.218256962559,2796.7578232251562,4269.265522419834,4286.674376502626
100.0,1.0,1000.0,1.0,gibbs,69.088,66.58900363865017,1342.8843884040784,1492.6990084031963,851.860352572323,1597.404009135104,1625.4393484116915
100.0,1.0,1000.0,1.0,hmc,155.182,196.98722861095678,805.1158813124957,820.092870810136,1050.007971519003,1601.361294681126,1631.400041387995
100.0,1.0,1000.0,1.0,old,505.835,60.67336445390764,1863.4918180749028,2033.0702021845427,1218.5034365142044,2034.8906260739766,2051.076329522555
500.0,1.0,1000.0,1.0,ortho,1791.131,15.619874958301345,452.0522850521358,131.84197745335058,3048.138278147134,4329.051316647743,4362.231895189527
500.0,1.0,1000.0,1.0,gibbs,313.0,8.157321374089184,507.2494586114841,83.86782259084873,791.5759698266912,1602.9301931633736,1626.6171504179788
500.0,1.0,1000.0,1.0,hmc,741.136,13.27834607777122,343.94690492820047,345.9327296065163,1007.0861639767063,1586.2800747178583,1613.5013866890436
500.0,1.0,1000.0,1.0,old,19202.364,3.2752672775739686,607.754498862635,38.57938549355525,1452.7995110842046,2067.3174542234337,2087.1894674902214
1000.0,1.0,1000.0,1.0,ortho,3508.678,22.658917844195173,501.8814643578521,228.91738512004798,3197.205011815354,4397.604040279783,4427.385241683506
1000.0,1.0,1000.0,1.0,gibbs,615.615,6.210788909430737,607.1263128446391,190.7999975864027,858.9183461836518,1616.8490689932107,1646.7640477919663
1000.0,1.0,1000.0,1.0,hmc,1534.002,12.184820248427705,294.3615152947523,182.51613126792762,991.796777442014,1609.6839202655572,1635.7181070156198
1000.0,1.0,1000.0,1.0,old,82458.953,2.4122206305088154,719.4587058540749,94.04289641316609,1235.4925319245185,2068.528564389613,2091.4057434107053
50.0,2.0,1000.0,1.0,ortho,305.481,2.197116996578801,50.450732109958174,4.749918225816689,2572.1945252247606,3804.9322305786204,3850.582261182961
50.0,2.0,1000.0,1.0,gibbs,49.977,366.4710239099989,616.7097123564025,518.1065411018658,912.241706395852,1572.1031064282863,1597.9537884488452
50.0,2.0,1000.0,1.0,hmc,117.332,128.83529055101005,210.2855256560372,192.76009654945017,873.1497854597347,1484.415332111008,1505.2979712245926
50.0,2.0,1000.0,1.0,old,179.726,79.17524482402423,216.21299067375656,114.66139413791461,1122.6182008418639,1933.5050101686695,1952.1751068206886
100.0,2.0,1000.0,1.0,ortho,475.945,5.09000775120148,278.3705425078338,48.85316150541293,2743.9908808125333,4019.0754049937023,4046.7868523102443
100.0,2.0,1000.0,1.0,gibbs,85.25,150.138295050962,372.0570636253637,318.73005371229937,494.818539827187,1574.0893880718752,1602.6924841649513
100.0,2.0,1000.0,1.0,hmc,207.803,25.14349735241839,106.94253349270954,99.4294707720872,930.2373075799496,1545.970754715309,1571.4902097846004
100.0,2.0,1000.0,1.0,old,637.95,9.30257244533186,128.23887459712503,67.56016360020593,1211.335464873046,2010.4422486452283,2027.2816351463512
500.0,2.0,1000.0,1.0,ortho,2159.522,7.060058797937447,224.39850467598555,51.25073795825543,3130.0945024623993,4196.031552056346,4225.399264018248
500.0,2.0,1000.0,1.0,gibbs,367.71,14.676670035518912,96.17627244632396,27.85528914994061,825.6418108482603,1611.9911097700372,1636.0203923601216
500.0,2.0,1000.0,1.0,hmc,1022.786,10.203720528854952,35.40700978166574,14.697476030509764,810.7430100270686,1592.0391613796003,1613.289171126286
500.0,2.0,1000.0,1.0,old,21498.312,3.187100735894383,83.23696095316372,6.38488210684368,1154.6658265057456,1986.5690759219738,2007.8002601078247
1000.0,2.0,1000.0,1.0,ortho,4929.308,5.7364801038356985,152.7312461025552,65.9302055049598,3060.157533437361,4362.326928016578,4394.616433166222
1000.0,2.0,1000.0,1.0,gibbs,745.501,6.898209246888546,137.79129672527714,28.688847897280183,739.4340843763295,1618.843051266982,1648.5829072181584
1000.0,2.0,1000.0,1.0,hmc,1901.069,3.197160814759928,70.3271431297528,25.12233503865143,1031.8497014727743,1602.3640236778244,1627.5003462627471
1000.0,2.0,1000.0,1.0,old,89428.84299999998,1.879785028741853,43.47615030012147,4.380399534754961,1048.1375423657923,1946.0616973473418,1961.3891372341832
50.0,4.0,1000.0,1.0,ortho,518.406,5.951901524313155,227.487388235275,195.56946805199587,780.2239380222377,3102.2172660830815,3200.9465104255014
50.0,4.0,1000.0,1.0,gibbs,80.216,176.40171254350022,1109.5803388506133,1138.478500536139,878.2864456339103,1495.756814470487,1520.4473157109035
50.0,4.0,1000.0,1.0,hmc,194.85,59.184498870339276,371.66965534312413,346.16254955458925,392.0763508002449,1242.079988743688,1279.6414770330202
50.0,4.0,1000.0,1.0,old,267.836,59.51407717321609,677.4832815218647,651.6520726845124,883.9767320966811,1782.3229935737072,1812.712049526213
100.0,4.0,1000.0,1.0,ortho,869.839,2.08296820212752,59.13690421622904,22.1030935292232,1067.5745871554543,3437.053393952017,3536.9505446426247
100.0,4.0,1000.0,1.0,gibbs,133.556,182.96797157199646,898.3768140721343,933.9682611332953,858.0749510037017,1572.7114354031175,1594.1711680066787
100.0,4.0,1000.0,1.0,hmc,356.919,44.01039141310442,185.1859419075349,172.65694310687388,499.03337829928,1389.4303289502807,1424.0286907795303
100.0,4.0,1000.0,1.0,old,949.347,36.53722542713099,478.72632494428905,443.9052026729654,894.8567974501946,1841.2211790682245,1870.9061975495852
500.0,4.0,1000.0,1.0,ortho,4292.854,2.0307710594979755,35.66603624375706,27.975044686272717,1449.0670475099935,4096.531577813486,4160.119383057014
500.0,4.0,1000.0,1.0,gibbs,559.682,18.160568362457653,314.3868739639156,288.94203809849694,1002.0180562913534,1591.6185546394913,1615.5293367089098
500.0,4.0,1000.0,1.0,hmc,1719.135,4.131652877780487,20.86667799294753,18.248028425156903,713.1759676075725,1529.5196043090243,1563.6394238206017
500.0,4.0,1000.0,1.0,old,25858.553,2.7166937251091676,89.68304555561704,53.99504747895144,908.2742454981793,1983.804201346352,2005.5577707577663
1000.0,4.0,1000.0,1.0,ortho,8343.492,3.739405879658278,86.66939897796934,49.16986400740866,2720.764302931305,4185.921954111146,4225.82192768077
1000.0,4.0,1000.0,1.0,gibbs,1082.185,6.856821298780158,172.79202307571603,74.31384594066941,1014.5635609056197,1610.255986400226,1637.3687709266644
1000.0,4.0,1000.0,1.0,hmc,3284.005,2.332980616072808,20.602622503824055,11.323315614015101,819.6339361785058,1600.3199398124507,1629.003194949904
1000.0,4.0,1000.0,1.0,old,121230.78300000001,2.4130938006039457,56.18587516377731,14.98169211658352,784.5438064144062,1963.5587940499356,1993.5770621390798
50.0,1.0,10.0,2.0,ortho,23.306,948.2907134246534,2199.5744364041234,1463.2016478697437,2331.948814186239,3627.6975161105865,3675.3682664443168
50.0,1.0,10.0,2.0,gibbs,3.893,275.6282738107836,964.1949248944693,859.2679642561469,1140.682414749527,1424.4700386513723,1438.8996352071767
50.0,1.0,10.0,2.0,hmc,9.452,1251.7224792802654,1531.978098909451,1577.9005962313956,1009.1422341409459,1408.383401955513,1466.1597157967021
50.0,1.0,10.0,2.0,old,5.376,55.023212327610224,438.8710432560814,214.03372755370515,417.63704463915326,1205.5889058357623,1094.2749642160143
100.0,1.0,10.0,2.0,ortho,41.219,683.4027999231504,1874.7417889529236,1393.5552126965952,1963.147167185049,3754.6712443400334,4058.918076801124
100.0,1.0,10.0,2.0,gibbs,6.713,476.8202102348706,947.3257060448153,904.664428045706,1143.3844836245864,1527.0636667092956,1596.9255633890689
100.0,1.0,10.0,2.0,hmc,17.832,931.3590651688223,1450.0331264558938,1537.1291793611472,1071.0939243591083,1526.6264154285204,1545.7852777342814
100.0,1.0,10.0,2.0,old,14.656,32.277038183620704,232.5933492974419,133.82925797389828,264.04835406269996,1206.4378159392468,1478.969797967261
500.0,1.0,10.0,2.0,ortho,184.712,884.9711215069817,2773.05301297085,1858.943268285821,2456.395512020087,3874.4803169620354,4011.6093692564964
500.0,1.0,10.0,2.0,gibbs,25.77,422.80194383523406,932.8953337787125,776.2299914746163,1049.280503259938,1611.954004544872,1625.0677749886213
500.0,1.0,10.0,2.0,hmc,78.801,788.5009569195932,1537.9646370197884,1677.514522567622,1096.7717232880527,1504.157754038414,1569.8910745156018
500.0,1.0,10.0,2.0,old,266.196,11.421177319268423,318.82191811637057,30.17324918956652,279.9043409257309,1377.712583518654,1351.6728860104618
1000.0,1.0,10.0,2.0,ortho,367.945,252.41430623189237,1318.3272867001278,522.5936429186186,1313.4357863374812,3880.6053224694006,4309.64861583761
1000.0,1.0,10.0,2.0,gibbs,48.748,103.94356655658075,530.9727002974117,241.03847648039553,821.2447864027598,1544.7638657739517,1666.9853926514236
1000.0,1.0,10.0,2.0,hmc,156.009,967.6166736521908,1371.706848163505,1318.9261387000356,897.9688756816239,1572.1638433067658,1669.9019114610487
1000.0,1.0,10.0,2.0,old,1091.07,11.98985640147646,325.2534950737788,33.8101418427171,283.8073789354971,1515.8126171784002,1675.1968764997166
50.0,2.0,10.0,2.0,ortho,37.196,516.5938039757586,2385.5965474141803,2515.1423859270403,581.1189707795211,2765.2768696411717,2789.389109052608
50.0,2.0,10.0,2.0,gibbs,6.813,178.32969790046667,850.9652651392456,884.2999796946306,268.4328352936835,969.8257380225814,1070.5882341979282
50.0,2.0,10.0,2.0,hmc,17.731,501.86608756407065,1249.6593032298524,1289.7407590575403,389.4253612493827,1015.0517969522422,1000.3238251517082
50.0,2.0,10.0,2.0,old,5.974,16.523128357249334,88.18480257155484,74.2084855789411,19.41878075422917,481.00827025239994,305.1911507601674
100.0,2.0,10.0,2.0,ortho,76.619,799.8413039639539,1956.5069894701185,1783.2877526902294,1548.5628660200418,3219.289740793141,3570.4641721496228
100.0,2.0,10.0,2.0,gibbs,12.642,434.8853051028738,863.6754284875803,815.913419245555,571.5792355016124,1307.298750698498,1519.1533833671192
100.0,2.0,10.0,2.0,hmc,32.121,1334.73260924616,1466.768323884908,1455.606201230807,769.5013185275166,1339.7113146221504,1542.8051567659163
100.0,2.0,10.0,2.0,old,16.019,51.63581214936962,185.01649976309898,129.08571168537227,95.33822736230137,1114.9701117071265,1250.3654749162579
500.0,2.0,10.0,2.0,ortho,389.674,327.3651230508897,1947.7854578531765,1855.012898040697,1867.6376160349869,3440.672572921981,3793.805837095576
500.0,2.0,10.0,2.0,gibbs,93.344,284.2385019913059,855.862931783406,862.3676549350179,1035.7804845724577,1386.152021832543,1470.4845067642411
500.0,2.0,10.0,2.0,hmc,144.579,867.8458742684765,1512.4971248523175,1581.4537294243094,964.2174637038742,1343.629768540763,1414.836486043484
500.0,2.0,10.0,2.0,old,444.698,16.320350650169207,89.71006162494396,44.914568321213714,118.09304883551529,866.2520640696854,632.0923317659638
1000.0,2.0,10.0,2.0,ortho,755.526,452.65890521693996,1689.7268341898518,1741.251781306471,2209.222369133756,3456.6849250813802,3776.7567668774973
1000.0,2.0,10.0,2.0,gibbs,181.46,248.53132836189897,686.9645782707232,689.6314091707844,1088.015019822888,1467.3366378708035,1476.6805124729372
1000.0,2.0,10.0,2.0,hmc,268.709,855.211600032006,1466.189186047732,1526.182753554397,1120.9086474642652,1471.4022126068744,1526.4012533253585
1000.0,2.0,10.0,2.0,old,1791.068,13.298151144348608,43.871684063414506,38.79026212175947,178.0175510327855,722.9500737868301,475.3459517709194
50.0,4.0,10.0,2.0,ortho,105.341,410.4274314827788,2373.585213945257,2831.5655467315073,1913.2642776219495,3198.1080005938766,3090.765227684192
50.0,4.0,10.0,2.0,gibbs,26.805,596.158809278683,1207.8968676359318,1257.3093594447582,425.1220666803694,894.4802457562209,790.0676769508677
50.0,4.0,10.0,2.0,hmc,48.602,1029.3613246454152,1379.3628019031464,1366.552531267957,649.9142308771075,1017.2571233832462,951.3472980902562
50.0,4.0,10.0,2.0,old,8.647,103.47799709061754,466.8483226489746,395.7836163481337,108.74818304972071,334.9310848584137,267.77149854462726
100.0,4.0,10.0,2.0,ortho,200.457,372.6617627886263,1346.1028948902394,1478.9119902431491,1762.725976220007,3091.920303089205,3332.0820807049076
100.0,4.0,10.0,2.0,gibbs,49.553,306.68297900337967,801.2629561560254,827.8186907992609,371.4867450304968,925.1811651110369,954.5541575005306
100.0,4.0,10.0,2.0,hmc,82.572,759.8307563980585,1228.5962900567458,1239.426822797683,513.38924553281,1002.3916707877652,921.0992484816694
100.0,4.0,10.0,2.0,old,27.982,30.142327502059143,148.85787124673217,115.49077029332975,20.092954348122685,324.0809835026118,208.47861277193323
500.0,4.0,10.0,2.0,ortho,858.551,576.3653315891028,1162.125031765629,1110.447904979093,1704.3046686409823,3341.2666990209705,3625.5549359860815
500.0,4.0,10.0,2.0,gibbs,210.664,319.88886539472605,690.8268624683899,668.1506095650709,894.300998936479,1270.9157459551675,1241.7392444461473
500.0,4.0,10.0,2.0,hmc,332.383,1014.4529496867517,1339.404114408024,1309.1091750816217,619.0762684995641,1326.1212658951542,1303.8712992192004
500.0,4.0,10.0,2.0,old,569.157,12.444878060839002,38.5515688225155,30.249477293631834,40.34808592393572,603.3496079038302,322.63020292860415
1000.0,4.0,10.0,2.0,ortho,1560.266,475.62489757692146,1547.2073273851322,1430.7577491468833,1695.333245088578,3344.135090736818,3699.623493808809
1000.0,4.0,10.0,2.0,gibbs,345.502,213.4245935460117,631.0970881201476,614.1497017690194,912.4716171978008,1260.401579028391,1309.8521193507154
1000.0,4.0,10.0,2.0,hmc,615.768,946.4980435606449,1424.7398037433902,1441.0944962255726,1023.3426532536963,1382.0784329884184,1428.2189016214174
1000.0,4.0,10.0,2.0,old,2315.42,3.1050693236926974,33.83447914030013,27.726324917193406,25.297991642032123,271.3703148464958,249.82392378432462
50.0,1.0,100.0,2.0,ortho,40.775,118.6026843994961,1314.9739220139975,521.6491585348442,3072.9742745644553,4092.8510694858724,4122.689377250141
50.0,1.0,100.0,2.0,gibbs,11.135,168.73107899463403,1021.0419931169795,1001.2823645078632,966.7751905437713,1554.8373872399575,1592.7098904670515
50.0,1.0,100.0,2.0,hmc,12.85,415.75814164879324,1225.5477708149754,1331.5866034377595,1103.627502361241,1540.2521579138893,1560.0688102113204
50.0,1.0,100.0,2.0,old,22.061,73.4434621902878,1041.6066651482042,836.2169174276905,1031.0872810275598,1870.319875640188,1922.3196931456837
100.0,1.0,100.0,2.0,ortho,78.176,128.4417237902763,1592.7578860599915,817.9231218692346,3308.795461002016,4201.603733002571,4272.324360875651
100.0,1.0,100.0,2.0,gibbs,19.051,108.11460190344135,891.5785712448359,816.6953245896229,1168.7973323341519,1594.8025591281953,1611.7538671978386
100.0,1.0,100.0,2.0,hmc,24.971,366.51530404612294,1184.1620918858273,1181.7604035463141,1211.0748985433797,1594.2566811487459,1616.060010022486
100.0,1.0,100.0,2.0,old,62.85000000000001,25.882297131014624,717.1319297940278,262.46743130181096,1004.9064922488703,1937.3858405468497,2002.8087105598258
500.0,1.0,100.0,2.0,ortho,353.358,186.72950627166944,1913.686613365822,1248.4576218121044,3589.8373539198446,4275.85516649269,4327.871138756069
500.0,1.0,100.0,2.0,gibbs,87.638,91.54723696219048,775.1868450877707,585.7583903151922,1177.008366965503,1603.4497173819173,1624.8280720749149
500.0,1.0,100.0,2.0,hmc,121.986,290.91712913027186,1054.0360558024752,969.0425094093354,1078.6857852595904,1554.2202507403865,1573.562346369454
500.0,1.0,100.0,2.0,old,1271.991,7.157659501955439,481.36195130614726,56.32845619379991,890.7498504017263,1861.940255461009,1915.9155341128562
1000.0,1.0,100.0,2.0,ortho,641.765,64.94223511481782,879.8046798689006,289.0888472946359,3369.047758435701,4141.564453752628,4202.868499751026
1000.0,1.0,100.0,2.0,gibbs,163.555,46.351990476050155,454.9987830779017,193.26288559675947,934.2605603614144,1593.8730739473376,1638.060306848468
1000.0,1.0,100.0,2.0,hmc,233.487,104.95251726983808,590.2842860112308,391.4110510193427,1165.1099307843697,1592.0354578370416,1601.2760196561262
1000.0,1.0,100.0,2.0,old,4834.629,5.464709843085604,672.3786250925751,156.8106997069599,747.2796754072182,1980.7571667896464,2059.154362989645
50.0,2.0,100.0,2.0,ortho,72.322,130.81072109270104,1064.3377519950723,643.3525861242244,2387.1326761845417,3791.570666501074,3856.4153899491303
50.0,2.0,100.0,2.0,gibbs,18.371,329.961374331035,654.5621569688399,547.2782406552656,1107.8397901475464,1505.945919555929,1520.6210979478533
50.0,2.0,100.0,2.0,hmc,25.283,448.6105172758886,734.9504306815512,659.6482858625523,1181.5701328289988,1517.2506759237765,1557.4397178653512
50.0,2.0,100.0,2.0,old,30.192,84.85171473086842,287.5381934590264,178.41485217197453,640.5005223175011,1698.9639137980887,1784.5482072781958
100.0,2.0,100.0,2.0,ortho,142.01,163.0347576675042,1321.198826347153,1381.176325080424,2712.6242478565805,3939.5081712829437,4012.366196108131
100.0,2.0,100.0,2.0,gibbs,32.572,181.41574188291253,628.5714105317633,450.7349943198036,1152.3420090652387,1553.2937011906952,1570.6394000581945
100.0,2.0,100.0,2.0,hmc,40.031,323.89717877322096,686.5320981508302,621.8488314004776,1230.114632566915,1562.4267051236302,1579.7780918735898
100.0,2.0,100.0,2.0,old,89.43,12.63553441091874,165.1636472319439,40.00007069880438,790.3023358889589,1704.3967100083892,1778.489373909768
500.0,2.0,100.0,2.0,ortho,559.355,105.12647419313495,689.0672894208618,650.7566935261073,2992.492886386011,4163.42737279639,4195.934928548335
500.0,2.0,100.0,2.0,gibbs,139.174,54.658872886616805,592.7608622358875,420.6557714895958,1168.91318592833,1610.3051742222378,1619.7393382337696
500.0,2.0,100.0,2.0,hmc,203.671,154.4464912872084,674.1285647540813,688.7687600206552,1159.044151355088,1547.675830936651,1576.575495182999
500.0,2.0,100.0,2.0,old,1526.744,7.700655753863337,281.9380214794149,68.00061558074155,699.9948564231673,1797.29043134739,1823.3101250230075
1000.0,2.0,100.0,2.0,ortho,1089.227,38.131884553802074,377.04682029405404,147.6570295953251,3046.3405714325622,4205.290496583238,4239.197711086545
1000.0,2.0,100.0,2.0,gibbs,265.015,47.836424336426816,417.9669378364139,260.90617804172456,1200.0249517903417,1607.1502138089497,1633.1058200778684
1000.0,2.0,100.0,2.0,hmc,386.835,88.5223271578611,478.8025435226853,369.08075509111615,1188.436104007495,1602.3238112800564,1630.7756677915181
1000.0,2.0,100.0,2.0,old,5307.482,7.546924315808595,157.9929885340872,29.37654849319317,625.0185948072934,1839.8009102820827,1919.925368754873
50.0,4.0,100.0,2.0,ortho,151.568,36.79534007716081,562.5537478198441,381.72578266168216,137.0246405894155,3301.741692112196,3616.686020582791
50.0,4.0,100.0,2.0,gibbs,37.038,197.25245566261069,958.4171296253913,974.8935912031634,427.26784679473474,1330.8836953787707,1363.984286123365
50.0,4.0,100.0,2.0,hmc,56.074,145.34669676109485,448.3068376343371,447.63475921286204,124.01462705315514,1021.9281798653614,1099.2643105300144
50.0,4.0,100.0,2.0,old,48.143,45.904988806630435,441.4870403126269,382.49481567078567,180.01890555013733,1068.5630198419217,1061.4797308360494
100.0,4.0,100.0,2.0,ortho,260.214,222.34404343892302,1126.8484942378163,1079.4641213406783,2008.3894778156944,3690.0481507125905,3847.2218682108532
100.0,4.0,100.0,2.0,gibbs,66.866,227.30503267531182,852.3081252080577,854.2398232749091,275.86964728271425,1308.1814172888774,1367.4508250869558
100.0,4.0,100.0,2.0,hmc,99.432,190.89679644142498,581.0078122941919,565.9501511601591,185.39745197986008,1222.5082671086182,1290.7770808408839
100.0,4.0,100.0,2.0,old,134.127,34.58856796435444,363.8513134940229,306.1865929077216,84.49119464871899,1091.4601052796838,1080.4693855777628
500.0,4.0,100.0,2.0,ortho,1153.044,85.3097973508356,358.02352738663444,298.11791196638967,1826.971689034974,3887.578068962401,4009.3450428838178
500.0,4.0,100.0,2.0,gibbs,277.645,71.61808599068804,706.3687906132237,645.9278483791192,1028.1776846279265,1556.630899111176,1584.8825139833837
500.0,4.0,100.0,2.0,hmc,396.567,88.22109069814069,381.7162658020994,363.7583447686007,987.8816713656316,1544.8711910643065,1582.0871551231553
500.0,4.0,100.0,2.0,old,1787.417,19.3236478690417,192.51108507100932,116.98269095903412,223.538633979,1568.477110260894,1681.3373964081325
1000.0,4.0,100.0,2.0,ortho,2034.7909999999997,55.41063394136868,403.9883752807838,322.4798043277524,2719.7022911458366,4075.613974198932,4117.019551299713
1000.0,4.0,100.0,2.0,gibbs,454.029,45.47998789544082,729.8238855574884,697.4595829817332,1177.2383557199496,1587.5730339266377,1603.7585935616462
1000.0,4.0,100.0,2.0,hmc,754.779,107.8835839784534,583.6471013144711,581.5534480801641,1007.3762634174005,1569.7184338850666,1586.708989925739
1000.0,4.0,100.0,2.0,old,6067.437,8.130976321115906,167.25539903557222,107.5401436735158,204.1817829245054,1580.6094981228505,1647.8823985253925
50.0,1.0,1000.0,2.0,ortho,210.253,22.963937951494074,669.5220962082602,335.24990292226516,2896.8485697095502,4163.242643876911,4197.905388727172
50.0,1.0,1000.0,2.0,gibbs,61.790000000000006,353.52237952861736,1548.7696188406421,1627.7392625828647,924.536530116376,1566.76982823858,1597.489731601463
50.0,1.0,1000.0,2.0,hmc,69.887,451.63761819007135,918.586153813771,895.6412925052891,1061.6879666759528,1599.316096836829,1624.3701374629936
50.0,1.0,1000.0,2.0,old,161.624,69.59430537418318,1823.231536897075,1988.7813014339226,1285.386870538832,2058.1907278390386,2079.967155727456
100.0,1.0,1000.0,2.0,ortho,376.31,11.2012788420976,398.97160102634115,96.4848479220286,2558.8721013607424,4207.106576259234,4233.579991579385
100.0,1.0,1000.0,2.0,gibbs,116.487,111.92286288508669,1308.2415269403896,1459.4735430802657,786.6502044905761,1588.033708548598,1618.1846151083564
100.0,1.0,1000.0,2.0,hmc,133.038,82.95427164776035,628.693513516218,642.2234720774301,982.0525426951962,1588.3663295183012,1615.204103283048
100.0,1.0,1000.0,2.0,old,491.905,8.524318606545801,1494.3215871742823,1806.9436147466895,1188.0480430206937,2032.1582656387611,2055.0181418967786
500.0,1.0,1000.0,2.0,ortho,1589.286,14.341255159141264,394.73614959024184,103.05806625185502,3112.386317039591,4329.600302115573,4354.410430033082
500.0,1.0,1000.0,2.0,gibbs,406.527,19.261100725830236,809.8400394792411,669.7249870401749,1004.3633392676562,1611.3205389249417,1636.446745907079
500.0,1.0,1000.0,2.0,hmc,578.778,3.808991479361466,244.9471953106769,92.32752505216092,923.6133841964831,1605.5675534907662,1632.1801923767464
500.0,1.0,1000.0,2.0,old,10065.519,6.1705097775696585,900.5664850053166,388.65103414837233,1165.3288524491034,1990.7462862182915,2013.465366430013
1000.0,1.0,1000.0,2.0,ortho,3405.795,16.662587250461282,470.47256318887,249.14543131021554,3078.4105520860207,4329.530788422985,4370.269457496206
1000.0,1.0,1000.0,2.0,gibbs,599.886,5.30704200796756,325.56704631138234,34.785146375057906,911.1973108245669,1606.9843556272588,1637.6095401001971
1000.0,1.0,1000.0,2.0,hmc,1447.574,3.20632677833362,172.75213943821768,51.39363784851173,717.2737012676299,1625.4525500700167,1649.2099822059781
1000.0,1.0,1000.0,2.0,old,70291.255,1.9894693803941927,249.04090599782418,5.853228207395727,1205.6213005300995,2044.868376754113,2065.879568918257
50.0,2.0,1000.0,2.0,ortho,246.45900000000003,2.416572096681563,182.5038814587712,9.983430521043237,2488.538760705506,3882.284579776999,3932.280690069345
50.0,2.0,1000.0,2.0,gibbs,47.031,439.2678675590913,873.1718664695812,786.6332870382853,821.0866746282431,1573.6541517866979,1596.1144810080323
50.0,2.0,1000.0,2.0,hmc,97.355,184.65525082573402,383.7768567650539,351.7663667603333,825.0897023774503,1495.966259775632,1518.650408935499
50.0,2.0,1000.0,2.0,old,151.756,102.03201659183075,364.98115746309327,224.8354477376768,1237.2154213340532,1955.221369866861,1980.4746961351657
100.0,2.0,1000.0,2.0,ortho,418.097,8.954675668217483,194.55310722943366,191.03560004845366,2723.8351097024106,3995.6332134768822,4037.4826298723265
100.0,2.0,1000.0,2.0,gibbs,76.27,26.093055217019298,149.22752770516928,64.3467920034536,916.6343100904928,1591.1950225579053,1613.2718164207981
100.0,2.0,1000.0,2.0,hmc,172.585,14.387129678471906,59.478804482014986,56.26619838365413,875.212678617878,1550.6169223915576,1578.6139983207486
100.0,2.0,1000.0,2.0,old,447.892,24.041450116827093,106.27511597180379,40.76253430000098,1203.6077153551064,1932.3725239705172,1950.3402018090974
500.0,2.0,1000.0,2.0,ortho,2135.282,2.2193520265212605,23.211219943470738,3.643743821383903,3239.9972955505164,4258.181361670493,4284.565925890806
500.0,2.0,1000.0,2.0,gibbs,339.105,7.620175467528074,130.59277568873677,53.66522197739123,772.2464897027093,1614.9984042094463,1641.4203375740885
500.0,2.0,1000.0,2.0,hmc,809.987,13.004573673012466,44.974053909529616,19.40335891314752,1002.26738758794,1611.904227319238,1642.6758997676206
500.0,2.0,1000.0,2.0,old,15879.371,9.777559039197993,128.57212405424167,25.152059455010647,694.9880252180592,2078.2886088812243,2103.6578718127375
1000.0,2.0,1000.0,2.0,ortho,3912.8550000000005,8.04120930283305,215.30450460232103,85.17757720895113,3073.055896352221,4331.233168851146,4364.226020619551
1000.0,2.0,1000.0,2.0,gibbs,655.788,12.550590535469643,161.36638812766967,36.57173780699917,943.6779243855713,1605.3295481625266,1626.4878978442548
1000.0,2.0,1000.0,2.0,hmc,1562.893,3.958320702933238,84.42959416988792,27.010166998125975,999.4606466049115,1605.278464304498,1634.3737898876723
1000.0,2.0,1000.0,2.0,old,76389.086,2.0412443971897374,97.35305660821608,6.957660021188888,1194.1296640458029,2051.620515158327,2075.716064081769
50.0,4.0,1000.0,2.0,ortho,435.295,3.7481370772679865,170.95699011467957,152.79236635631557,428.83437669733047,3170.5467281957967,3302.1970514167015
50.0,4.0,1000.0,2.0,gibbs,72.046,476.95278731390124,1314.8227636762483,1378.84383439176,803.0280469131549,1496.4627904378867,1526.2607326174098
50.0,4.0,1000.0,2.0,hmc,158.124,26.13936399297188,230.63224605856988,217.30947107369786,163.19342955958874,1123.5695859067337,1165.2136398144412
50.0,4.0,1000.0,2.0,old,237.484,30.17228774254669,838.5979659489253,744.8183047932271,226.05284330050858,1752.1830181476435,1804.9118385071536
100.0,4.0,1000.0,2.0,ortho,697.227,2.0845310548821945,70.00927931671302,36.98427761299908,500.3288317455351,3364.581700891905,3505.2873801099295
100.0,4.0,1000.0,2.0,gibbs,117.642,258.1885309168623,993.7295621082727,1030.344504330183,751.2716004335211,1538.4764785506156,1563.5448840985496
100.0,4.0,1000.0,2.0,hmc,292.583,22.21677158720702,135.24953889473323,124.18807684675573,171.91896350908954,1354.9729568179039,1405.50601970457
100.0,4.0,1000.0,2.0,old,751.931,27.815758582534905,468.01007506111586,398.27521352144737,450.7775794494687,1828.4519574008311,1850.8822860290484
500.0,4.0,1000.0,2.0,ortho,3501.801,2.205358487594047,42.955292999863296,22.747474879468196,2571.005945948579,4086.040549591764,4144.796157914658
500.0,4.0,1000.0,2.0,gibbs,555.572,11.542225254050411,125.80915826068481,106.31435298272064,991.1302264358325,1608.1896915310883,1632.7212870632325
500.0,4.0,1000.0,2.0,hmc,1716.921,4.3076271020166885,22.415603799353136,18.185639057905874,824.9380839550034,1566.7595966705217,1592.7213384596598
500.0,4.0,1000.0,2.0,old,26481.542,4.2668553995856975,54.29755836267579,35.25180031600173,1045.4229074443208,1974.629388913365,2003.1315458293632
1000.0,4.0,1000.0,2.0,ortho,8759.944000000001,2.660941800173962,142.49527037934172,107.14770907508988,3202.719951559889,4273.985845757032,4320.7822075816175
1000.0,4.0,1000.0,2.0,gibbs,1085.722,5.524753815796874,168.23191003558455,71.08601394023601,959.5642484546728,1612.7026506252362,1641.0791588725106
1000.0,4.0,1000.0,2.0,hmc,3439.665,3.2295917985962497,37.84624966417617,22.25279926291401,713.4905200416642,1594.5596608090827,1620.1627123164217
1000.0,4.0,1000.0,2.0,old,120369.77,2.1482773574777663,35.98466516390554,9.350787365394758,725.0469123065567,1906.5566967955278,1934.8774238416113
50.0,1.0,10.0,3.0,ortho,23.84,627.8645931139562,1837.872071247954,1377.37433037218,1867.4362641333876,3525.2815525834085,3525.014195213282
50.0,1.0,10.0,3.0,gibbs,4.439,414.9827585833178,1066.96036488679,1125.6672860053063,1015.4649199701837,1491.731182113373,1483.9762598208895
50.0,1.0,10.0,3.0,hmc,10.739,682.0461095446816,1469.087117593097,1512.2364318462378,796.6448425377395,1452.193602399926,1526.3425576962873
50.0,1.0,10.0,3.0,old,5.713,19.875393715112708,298.42752352070147,99.84835147952995,298.1971319812862,1498.251841631216,1577.853432475839
100.0,1.0,10.0,3.0,ortho,43.187,744.9104991762409,3094.134422186774,3405.2415486176296,1324.9777515612366,3512.0805449581326,3945.6086051032894
100.0,1.0,10.0,3.0,gibbs,7.437,595.0171808221488,1157.0724345207104,1191.6928159525266,886.8382678990403,1465.0913193832373,1604.768846831514
100.0,1.0,10.0,3.0,hmc,18.674,634.4146555223944,1493.0855944063169,1629.9299713624403,617.3189203849637,1409.0181840262223,1555.3096235565768
100.0,1.0,10.0,3.0,old,15.576,87.56620217750553,518.3019679778906,512.9440699864083,77.07306044672401,1350.429537912834,1669.5285589024768
500.0,1.0,10.0,3.0,ortho,191.719,246.87708752053527,2111.611157759977,886.6988203523827,653.6272502987882,3790.8289472189085,4260.8032613647865
500.0,1.0,10.0,3.0,gibbs,26.832,284.0557551822223,967.6620831313151,886.8662558781015,558.9892041871722,1487.354968264694,1610.9640113817288
500.0,1.0,10.0,3.0,hmc,82.348,367.74549686609294,1505.9487656825338,1708.5822581286648,418.8771659637077,1536.1612303886966,1650.2872742284585
500.0,1.0,10.0,3.0,old,270.042,26.428254615149985,462.032312918181,146.63583249771142,90.40065817605185,1581.586630496089,1740.0256777032537
1000.0,1.0,10.0,3.0,ortho,385.744,455.4537561916508,1689.0952474679416,1210.902108257702,1664.596719532524,3743.1111772467148,4072.4113114228994
1000.0,1.0,10.0,3.0,gibbs,51.741,155.00065089339319,642.4641125502817,561.9578772437422,1089.6793327445216,1479.6039751857977,1501.0705774097444
1000.0,1.0,10.0,3.0,hmc,168.561,994.0706960942076,1493.2484685126142,1557.4757907777134,889.0296995789752,1537.7979152723324,1596.7752326246725
1000.0,1.0,10.0,3.0,old,1064.843,24.928345897653937,228.26363798404054,94.87421214773087,362.9850035921045,1445.6520369402303,1616.0569495322866
50.0,2.0,10.0,3.0,ortho,38.535,547.4859926510103,2228.3435064393343,2198.525359473981,716.4018209112804,3004.610161347156,3207.1587387348973
50.0,2.0,10.0,3.0,gibbs,7.594,420.32443897982137,806.1404225385097,792.7860054988082,303.7367545196035,840.5867807093584,761.2542424470289
50.0,2.0,10.0,3.0,hmc,18.824,780.7068777992704,1153.9564185097558,1174.3384667690357,444.8376050889407,942.2780723172489,924.3332667283207
50.0,2.0,10.0,3.0,old,6.466,82.86859631141178,197.93346839882412,171.53688307581564,46.90861536602516,313.7664127986176,264.8644469981067
100.0,2.0,10.0,3.0,ortho,71.253,254.43801303355957,1772.1320310794108,1351.351375775233,955.2303654132502,3025.600064039661,3587.4833160051
100.0,2.0,10.0,3.0,gibbs,13.556,481.52659097272624,930.3930934652633,972.8817974654053,402.48214970252025,1199.1803604087877,1291.0834779399888
100.0,2.0,10.0,3.0,hmc,34.171,961.627379785229,1497.587441481774,1529.7992229176498,598.9668093425661,1320.450989409453,1497.9915560162958
100.0,2.0,10.0,3.0,old,16.651,33.45250366852856,137.37216559263632,113.54312966305201,43.42942163291564,454.02497452620736,389.8427359614718
500.0,2.0,10.0,3.0,ortho,396.956,332.55645787961896,1927.6226051494536,1922.4135821601838,1970.9925461370367,3293.708876039806,3283.446029773391
500.0,2.0,10.0,3.0,gibbs,56.275,296.9960343126251,794.1025703613994,733.477238222068,1160.4643450524418,1407.8551000969812,1421.930050568718
500.0,2.0,10.0,3.0,hmc,165.129,830.2351278929175,1508.2123738495281,1580.2524142323748,1024.5884125079997,1366.375251339509,1412.6036015005318
500.0,2.0,10.0,3.0,old,305.189,24.168758302679112,87.56252582491236,44.32297246442643,312.80022088336847,884.6812112292642,774.8827276202743
1000.0,2.0,10.0,3.0,ortho,770.038,247.20912954535845,533.686327767017,349.00917294139856,1478.7580217939105,3268.8900694144827,3579.0767546030306
1000.0,2.0,10.0,3.0,gibbs,111.412,147.04183598384483,440.3720565247196,387.2239845534531,680.9273657106033,1363.8072901089788,1429.758342828265
1000.0,2.0,10.0,3.0,hmc,331.547,1119.1743529872515,1319.415986447926,1270.418004099684,836.9570827863381,1390.2965818207488,1354.8106613259145
1000.0,2.0,10.0,3.0,old,1145.362,10.208353247280549,40.016811508149665,34.83883304788121,128.98877607645863,892.4775401235298,969.3163159687508
50.0,4.0,10.0,3.0,ortho,86.831,517.836306156531,2874.454580272352,3182.879605274617,1289.8178305693018,2785.509756704789,3056.031543828871
50.0,4.0,10.0,3.0,gibbs,15.597,666.7757634656773,1066.9052555889248,1079.4120345024935,611.430899921504,1030.0866735934133,919.3909748956924
50.0,4.0,10.0,3.0,hmc,41.404,951.0521434511511,1371.9364058552717,1377.6038766315503,591.8548810158043,1006.5043189736201,919.3192613656586
50.0,4.0,10.0,3.0,old,7.836,67.70254255168709,327.38129327796145,292.3092601988533,85.1345223807196,270.3181350153574,227.7580130226392
100.0,4.0,10.0,3.0,ortho,165.271,154.02997280726,882.6592120022049,948.8116323437904,1381.8053124616545,2898.3648878438917,3054.299796853745
100.0,4.0,10.0,3.0,gibbs,29.531,442.87381938599066,798.5162877914673,835.8760431631933,659.2866509454941,1033.1899139513116,992.4399576719869
100.0,4.0,10.0,3.0,hmc,79.527,547.0196953081597,908.1294132627872,912.2390536822008,374.69235601633284,1006.0695237178343,1008.9321362720875
100.0,4.0,10.0,3.0,old,20.933,19.205301435404802,152.92868332641495,149.39016964093528,87.00394840137399,347.1233441249036,355.3730056937659
500.0,4.0,10.0,3.0,ortho,883.249,659.792271784249,1536.666208888169,1318.6406298887969,1890.3192142692474,3237.350966461688,3308.0228339316673
500.0,4.0,10.0,3.0,gibbs,131.973,421.6398427464318,763.3712479160766,762.7290703067468,785.1176991257068,1200.762115271051,1256.687998861736
500.0,4.0,10.0,3.0,hmc,400.385,1128.9187999469825,1518.4048742874156,1520.532153658579,902.3314415852371,1298.6959056167966,1307.3511458139628
500.0,4.0,10.0,3.0,old,365.991,7.686929748779988,64.13524477160648,49.01021183361438,70.67927843647475,589.6380372398149,370.4735296291002
1000.0,4.0,10.0,3.0,ortho,1832.946,24.228141118138556,494.03195150834443,347.4152752930968,122.33196047609576,2383.8804521215384,2916.8086151425996
1000.0,4.0,10.0,3.0,gibbs,260.811,198.7124917136095,668.5706264150663,727.2593713139588,384.76555129404244,1190.7131600733421,1300.0096156532395
1000.0,4.0,10.0,3.0,hmc,790.413,1043.1707541238613,1362.8162937756845,1344.988603051254,720.8396217987228,1355.3612661099194,1414.9549139769301
1000.0,4.0,10.0,3.0,old,1501.489,10.26260716024384,46.2736931086212,31.413172437117794,72.60601607327956,631.8911596226909,497.1311758284819
50.0,1.0,100.0,3.0,ortho,40.11,72.98177791870346,1092.9044147571442,472.44299109534165,3158.8945000038916,4098.944402961997,4188.616618541248
50.0,1.0,100.0,3.0,gibbs,7.249,176.06001021275105,1025.1839045941897,1138.6059359823294,1218.6751185482642,1585.9462633555825,1617.4222736127663
50.0,1.0,100.0,3.0,hmc,16.519,328.97670439758383,1157.6470065994536,1229.0617728785182,1063.3356340962346,1562.2522867781715,1578.694415487429
50.0,1.0,100.0,3.0,old,14.812,38.71942552491949,989.8925189852973,870.6591900537862,1169.1143917434326,1948.1999567931337,2005.1652535593134
100.0,1.0,100.0,3.0,ortho,72.186,74.04658136536483,1115.4825162752638,409.7632921150206,3062.2049596007705,4161.815367908204,4249.387580208238
100.0,1.0,100.0,3.0,gibbs,12.428,46.038481506317545,562.069467417986,240.22892770672087,1175.934347711271,1578.3386391732583,1595.4120268380752
100.0,1.0,100.0,3.0,hmc,30.392,121.36836473307348,716.3391914627385,578.9002290107626,1156.7108357570137,1577.6649568576017,1598.336810663448
100.0,1.0,100.0,3.0,old,42.081,20.076923953977523,790.3100719969406,235.25297158174772,1138.7877620561485,1962.564531653669,1975.7970551797875
500.0,1.0,100.0,3.0,ortho,340.492,123.77958009489026,1616.9401879586064,777.9905497437167,2739.132808369999,4254.5543585535315,4316.443782004599
500.0,1.0,100.0,3.0,gibbs,50.699,90.74774564444903,753.8097128161286,474.3360244156253,1157.5501314775054,1640.5019134020927,1663.7920738650503
500.0,1.0,100.0,3.0,hmc,139.912,197.940437497287,921.2040679734101,901.5190728765281,1106.9286250804341,1597.4792811146426,1625.8342196927965
500.0,1.0,100.0,3.0,old,936.772,7.835478193312456,603.5213049366607,83.90229420504755,697.0944063093696,1939.6796797239056,2006.784359929475
1000.0,1.0,100.0,3.0,ortho,700.66,120.48336029676042,1620.8352809875214,834.5402181104113,2732.9522722375154,4215.231543581618,4280.54129374534
1000.0,1.0,100.0,3.0,gibbs,105.156,70.87513900477,756.470451777695,437.18522291874456,1047.596407833043,1590.5698812755404,1622.3833318752077
1000.0,1.0,100.0,3.0,hmc,296.545,233.70208080668934,1042.5135910662032,941.519140975852,990.1588090542261,1568.624629901461,1600.3978096994447
1000.0,1.0,100.0,3.0,old,4860.85,9.611253101924133,692.6369578408364,134.73899554909062,605.7843426522746,1913.2440801059543,1982.7990434061853
50.0,2.0,100.0,3.0,ortho,67.407,212.79807146573748,1313.8452445949756,992.4443412187715,2497.390126880062,3788.748227657462,3901.5609894393
50.0,2.0,100.0,3.0,gibbs,10.935,249.85574668470142,455.6484607819919,365.2432406895971,947.5891719105996,1529.9393611292023,1542.2997107599176
50.0,2.0,100.0,3.0,hmc,27.446,445.0510489455746,667.7892937323483,605.0745861448145,1038.5882831417366,1522.0204208593955,1550.0518678514982
50.0,2.0,100.0,3.0,old,19.593,58.75602617700292,196.77640287172213,102.8101953513509,788.458074677996,1761.7592021503513,1800.6719973297563
100.0,2.0,100.0,3.0,ortho,119.766,28.367715210669893,489.0861741026818,268.97741437023967,2028.1890256648821,3959.4940157734463,4002.8369048443556
100.0,2.0,100.0,3.0,gibbs,19.464,87.57373942878817,340.04066447257605,246.05534884053304,970.8257997976623,1571.8051080218108,1586.890022868982
100.0,2.0,100.0,3.0,hmc,50.78,241.9600192764558,491.07993554849514,446.12806552724396,1069.6672064362633,1537.2798681104866,1556.5636817007892
100.0,2.0,100.0,3.0,old,56.502,23.499094225241024,96.5776785200983,41.83497854779297,402.7481252187693,1723.7669270425686,1770.1191281790518
500.0,2.0,100.0,3.0,ortho,577.652,16.683025352439383,448.56301244261033,310.22108866217286,1954.321370187629,4161.0613126198205,4248.444294392195
500.0,2.0,100.0,3.0,gibbs,84.399,39.536142327837354,558.5678744323313,402.86842116952835,976.7753567557816,1546.8717404442382,1583.4683764320826
500.0,2.0,100.0,3.0,hmc,245.161,71.80693965535062,394.39214525075954,344.9484795031044,986.3602956849911,1595.9616737262875,1639.2815835024037
500.0,2.0,100.0,3.0,old,1195.799,11.364540416350192,265.08931627570854,54.144915074337774,292.1070832517088,1928.543173262155,1978.2756363084318
1000.0,2.0,100.0,3.0,ortho,1164.05,19.41406349524481,244.56452652487818,90.12102351167836,2710.935516276813,4196.363984620483,4249.159783824625
1000.0,2.0,100.0,3.0,gibbs,165.889,18.084650106768404,333.8897274032378,129.61302340793804,1187.3650885357401,1573.5074606967758,1594.8088898675403
1000.0,2.0,100.0,3.0,hmc,481.90899999999993,50.75598059290396,248.5923438674973,153.04998398119443,1000.6027123029364,1586.361382177795,1617.7004000734987
1000.0,2.0,100.0,3.0,old,6317.784,8.246528066182323,312.8790538750029,85.46066466827389,579.4409993747075,1859.4862602087555,1925.393608210507
50.0,4.0,100.0,3.0,ortho,128.98,31.78854743559535,1654.0820632259345,1741.2533246654348,1141.2279501867731,3644.4170685024374,3816.7576614177156
50.0,4.0,100.0,3.0,gibbs,21.703,293.9438034450032,1099.467247181605,1163.6536679347805,529.6586932491239,1258.8086197995092,1287.7914375205778
50.0,4.0,100.0,3.0,hmc,57.528,354.5173461972143,900.250396131712,892.8521773883263,334.8652869123124,1143.633420523675,1129.7212551217026
50.0,4.0,100.0,3.0,old,29.259,24.542703567211213,546.6459100187169,494.3167978898608,129.52307709904844,1005.7756414782601,997.0887184020049
100.0,4.0,100.0,3.0,ortho,247.975,145.83215429039254,980.4455964760763,923.1082361962951,2315.341901610572,3684.4489863639783,3774.9752994873243
100.0,4.0,100.0,3.0,gibbs,38.39,137.27498445454128,741.3106574944077,750.6419102774923,713.6653315759249,1416.4881786827498,1466.993492776245
100.0,4.0,100.0,3.0,hmc,106.139,154.16466961309368,464.29287531778397,446.43183492237574,582.0954513268114,1265.263434945598,1308.149458289774
100.0,4.0,100.0,3.0,old,87.096,18.93025591936534,251.883357448058,221.56249917079788,248.3080539791061,1255.1383631151139,1282.5945533890854
500.0,4.0,100.0,3.0,ortho,1229.115,71.82191798671764,442.463976015264,349.2924199555285,1702.3572494539276,3919.032168305974,3985.1943876909254
500.0,4.0,100.0,3.0,gibbs,170.542,60.44187167424036,752.8155842451166,756.5014456904157,721.4658026562885,1561.7779783751532,1593.517997684386
500.0,4.0,100.0,3.0,hmc,508.49800000000005,123.51394599923863,554.4954563845405,556.8681368473476,987.3203091302865,1566.7440534657103,1610.28865646909
500.0,4.0,100.0,3.0,old,1846.822,7.154820712137532,206.84908934530537,130.80622735306798,197.28771422766874,1550.2793826695902,1668.5034997256262
1000.0,4.0,100.0,3.0,ortho,2474.278,26.644976803631888,209.6147373878118,134.36150949020447,1458.3108507030654,4102.156531924566,4229.8221890974055
1000.0,4.0,100.0,3.0,gibbs,339.943,33.69280760538702,755.161804927094,739.3029327988176,941.9654213177694,1609.08615770377,1634.6280303847504
1000.0,4.0,100.0,3.0,hmc,1038.938,67.63202243727646,404.78557501625596,374.9227760230155,861.7832956109705,1547.7680795203883,1582.3546247734
1000.0,4.0,100.0,3.0,old,9378.577,11.599322192891508,194.71234961874754,97.45138980759248,122.19446825897799,1668.3452458776542,1774.8064349043009
50.0,1.0,1000.0,3.0,ortho,206.347,28.016519015229015,633.0795344329101,284.00910511655286,3095.696038378042,4086.186958295112,4119.519504146918
50.0,1.0,1000.0,3.0,gibbs,38.457,426.9605428777587,1552.8540939343993,1604.220331706369,922.4771248767896,1585.312121264734,1608.5488573914226
50.0,1.0,1000.0,3.0,hmc,79.432,346.3033511246691,919.4038342807027,905.7777190618813,862.3152383575774,1577.8971252894987,1599.6606860085876
50.0,1.0,1000.0,3.0,old,127.11499999999998,71.10045587106917,1875.1116094059828,2013.4877803430602,1280.0704238077642,1964.3546434762488,1972.85331470492
100.0,1.0,1000.0,3.0,ortho,379.343,20.47690155771756,511.1250632162432,181.81782255768894,3142.940606084497,4302.734249617393,4332.940465461716
100.0,1.0,1000.0,3.0,gibbs,65.671,51.36511445101684,1226.427650543694,1436.303220412254,950.9481989637816,1593.222445232162,1616.47476193075
100.0,1.0,1000.0,3.0,hmc,152.182,114.12850956031005,654.1454568367568,684.2043315442795,1066.596804911902,1588.09583286557,1609.5653649344404
100.0,1.0,1000.0,3.0,old,472.211,27.024836830396147,1553.6110133514308,1904.1336354313175,1203.1848844807516,1989.5049606538616,2006.3253256345738
500.0,1.0,1000.0,3.0,ortho,1780.755,28.723410243898826,598.3323959580979,340.7004774124299,2601.401863377896,4255.8656659258095,4285.480654732609
500.0,1.0,1000.0,3.0,gibbs,308.915,4.928655649517707,646.6404092910477,258.0041323800003,934.1252773172391,1607.3027104816451,1638.15277155288
500.0,1.0,1000.0,3.0,hmc,736.839,7.9510280933086825,327.6491688768033,295.94988012664817,716.3845752459287,1606.916942427965,1629.8114522815192
500.0,1.0,1000.0,3.0,old,18730.74,4.004843386792265,651.8999746889491,69.65737869018076,1259.7753118015792,2001.2124410596612,2028.021386444414
1000.0,1.0,1000.0,3.0,ortho,3575.819,13.14983865467202,308.69054433699654,124.5840504599506,3111.5126568877936,4283.137620039889,4319.524729124629
1000.0,1.0,1000.0,3.0,gibbs,622.201,3.7025499650772433,372.74161440783814,36.386437684090765,885.41543425767,1616.6193496003254,1643.5398922051631
1000.0,1.0,1000.0,3.0,hmc,1496.29,3.824761022868904,135.39453622707774,38.595867483302534,946.4107101929991,1602.238026203132,1635.9856662757538
1000.0,1.0,1000.0,3.0,old,75742.329,1.908378277350399,260.4820058561731,6.442122303587066,1086.508494231631,1912.446267066155,1922.6449215455864
50.0,2.0,1000.0,3.0,ortho,252.29099999999997,6.744508272026748,370.46101151656524,258.32703459066494,2909.049623141657,3852.6710897047583,3880.701569099073
50.0,2.0,1000.0,3.0,gibbs,47.649,130.7708077269839,348.9545323287721,265.7737148142737,931.4251301899002,1566.8064699933873,1594.0219503008705
50.0,2.0,1000.0,3.0,hmc,102.288,127.87389359131568,192.97232638001535,172.85270212005543,834.3814128534257,1480.7373894409611,1510.0504940916858
50.0,2.0,1000.0,3.0,old,158.865,38.55743383102348,124.09139283393216,55.65656677837383,1143.624099375347,1951.2202156116941,1973.2496975439622
100.0,2.0,1000.0,3.0,ortho,517.398,8.680129664924596,331.44995357238327,136.3912702090704,2952.3262414240603,4119.786304333419,4128.021546270731
100.0,2.0,1000.0,3.0,gibbs,79.562,160.4760192630667,279.46176598021856,203.78175700365182,872.0428547596414,1544.6114667328038,1567.9341920256404
100.0,2.0,1000.0,3.0,hmc,214.708,112.84718465049897,191.22225844965496,164.76964986594845,699.5943821082108,1548.4439669867288,1574.017098435591
100.0,2.0,1000.0,3.0,old,518.647,29.90045716680746,98.80212459057243,45.661365254662556,1317.6935621630341,1953.9559362640034,1971.3781839857377
500.0,2.0,1000.0,3.0,ortho,2117.033,2.460361796822562,245.30237015717458,23.831977834140616,3371.025433661592,4324.984306907307,4363.121631219989
500.0,2.0,1000.0,3.0,gibbs,350.6,20.297437116233755,128.20687678730545,43.94008713311719,917.6057555360192,1626.182620124779,1653.368069631094
500.0,2.0,1000.0,3.0,hmc,972.9780000000001,6.124849452419187,42.75630430716787,16.993741259907278,902.2869920411217,1594.9471142055065,1617.154949496167
500.0,2.0,1000.0,3.0,old,19177.517,2.5902748864329515,33.73484733907929,14.620674497014276,1045.2414383458793,1947.2046112222738,1963.3644084234274
1000.0,2.0,1000.0,3.0,ortho,4034.2290000000003,4.2558874411723115,171.69260140648825,27.987562826474758,2903.462696032568,4322.137907108887,4358.369851170176
1000.0,2.0,1000.0,3.0,gibbs,720.617,3.6492890543627725,70.02836977473982,8.339200632507339,999.1966572395714,1605.923809200251,1628.546634505753
1000.0,2.0,1000.0,3.0,hmc,1857.91,5.996726321327424,60.071019653681226,23.726699078374324,799.3338083108679,1613.4755456481091,1640.4062350813015
1000.0,2.0,1000.0,3.0,old,83956.434,2.2406995093884996,54.79404543486597,6.518861542875981,1130.4022473448051,1971.535656327459,1983.2589402075605
50.0,4.0,1000.0,3.0,ortho,492.567,2.5695791012942037,50.96153859125376,15.199655067012296,276.34690787975103,3066.172377880479,3193.534923905441
50.0,4.0,1000.0,3.0,gibbs,79.967,566.9732395120508,1420.3829399498018,1451.6769137244937,485.29631905078315,1448.3596301742787,1492.353653866047
50.0,4.0,1000.0,3.0,hmc,186.687,125.76948497303205,678.0081927317337,666.8911265372263,53.12769172724839,1245.4047518402338,1280.5174930843434
50.0,4.0,1000.0,3.0,old,257.069,204.19101087545275,1322.4413681921951,1419.0456489689686,343.09253239141873,1689.122159813408,1756.8082401322413
100.0,4.0,1000.0,3.0,ortho,866.175,3.371204518578006,90.7557367411291,79.94822063184819,754.9634739703804,3460.396935760925,3582.9041662901227
100.0,4.0,1000.0,3.0,gibbs,128.868,180.71340115920847,861.1279391708974,864.0250030585134,820.8104376320334,1549.9275845802913,1572.6864577803917
100.0,4.0,1000.0,3.0,hmc,410.477,27.034433085537426,153.61764944843912,143.59016733083536,360.6105274789359,1356.8696861573105,1400.2369086060596
100.0,4.0,1000.0,3.0,old,863.566,21.488998659264716,399.61987099159694,345.5876346634148,802.1087442445769,1838.5112483152736,1872.5584819900187
500.0,4.0,1000.0,3.0,ortho,3901.217,2.005329345056728,47.70992168155491,26.95061015279035,2320.9213348427515,4169.226119235677,4235.384101264486
500.0,4.0,1000.0,3.0,gibbs,571.444,13.461267805890575,209.5466073711637,186.4679541212226,820.7214575435593,1608.9024655086866,1634.6505304379161
500.0,4.0,1000.0,3.0,hmc,1746.442,5.797486143413729,26.274691250758003,23.282348379731374,649.5581532034578,1553.7524188012706,1592.3333424649768
500.0,4.0,1000.0,3.0,old,25575.65,7.2138459634979055,105.22248926686551,88.59112913880227,399.8571723462321,1942.7386001734576,1968.1881950488091
1000.0,4.0,1000.0,3.0,ortho,8933.599,2.31418306256625,81.09010170898253,44.668637893262584,2027.2663754570708,4201.578679824526,4263.267170726414
1000.0,4.0,1000.0,3.0,gibbs,1102.562,9.245934602841489,221.31457691075676,112.89404978429451,703.1662269858804,1621.365406441624,1651.3009408579858
1000.0,4.0,1000.0,3.0,hmc,3343.788,4.493795323404158,33.41442135981955,20.700985509369616,883.8929009828122,1593.7583420552103,1622.6727970454758
1000.0,4.0,1000.0,3.0,old,111920.09999999999,4.081450503225672,84.94974417999512,21.402325582150297,966.0109680024881,2030.7224685655337,2056.87614765241
